index,Name,Term,ES,NES,NOM p-val,FDR q-val,FWER p-val,Tag %,Gene %,Lead_genes,cohort,gmt_library
0,prerank,KEGG_COMPLEMENT_AND_COAGULATION_CASCADES,0.6834837756309732,2.420301339329417,0.0,0.0,0.0,30/62,8.88%,CFD;C4BPB;F12;F11;SERPING1;PLAT;F8;C4BPA;F2;C4A;KNG1;PROS1;FGB;C1S;F9;F7;FGG;C1QA;F5;C7;KLKB1;F10;C8B;C9;SERPINA5;SERPIND1;PROC;C4B;FGA;MASP1,ciao,KEGG
1,prerank,KEGG_FATTY_ACID_METABOLISM,-0.6757513862025032,-2.382004249003666,0.0,0.0,0.0,18/32,16.64%,ADH1A;ADH1C;CPT1A;ADH4;EHHADH;ACAA1;ACOX1;HADH;ACADVL;ADH1B;ECI2;ECHS1;ADH6;ADH5;ACADM;HADHA;ACSL3;ACSL5,ciao,KEGG
2,prerank,KEGG_TYROSINE_METABOLISM,-0.721547977078309,-2.1460353927446634,0.0,0.009404247660187185,0.009,10/16,17.01%,ADH1A;ADH1C;ADH4;ADH1B;ADH6;ADH5;MIF;GOT2;COMT;DBH,ciao,KEGG
3,prerank,KEGG_PROTEASOME,-0.5635962305751516,-2.075807992669384,0.0,0.014248860091192705,0.021,26/39,28.06%,PSMA6;PSMC4;PSMA2;PSMD1;PSMA4;PSMC3;PSMD4;PSMB1;PSMD13;PSMD7;PSMD3;PSMD11;PSMD6;PSMB9;PSMA7;PSMC2;PSMB7;PSMB2;PSMD14;PSME4;PSMC1;PSMB10;PSMD8;PSMB3;PSMA3;PSMC5,ciao,KEGG
4,prerank,KEGG_METABOLISM_OF_XENOBIOTICS_BY_CYTOCHROME_P450,-0.6672597088182619,-2.0619497762040453,0.002793296089385475,0.011969042476601872,0.024,11/19,19.18%,ADH1A;ADH1C;ADH4;AKR1C3;MGST2;ADH1B;ADH6;ADH5;GSTO1;GSTK1;GSTP1,ciao,KEGG
5,prerank,KEGG_STARCH_AND_SUCROSE_METABOLISM,-0.6999875592318848,-2.053952495390904,0.0,0.009917206623470122,0.025,7/16,8.95%,PYGL;HK1;PYGB;UXS1;PGM2L1;GYS1;GBE1,ciao,KEGG
6,prerank,KEGG_PEROXISOME,-0.5484749970269109,-2.036344794568367,0.0,0.009689224862011039,0.028,17/39,18.39%,AGPS;SCP2;EHHADH;ACAA1;HMGCL;SOD1;ACOX1;PRDX1;ECH1;ECI2;EPHX2;HSD17B4;PRDX5;ACSL3;ACSL5;ACOT8;GSTK1,ciao,KEGG
7,prerank,KEGG_DRUG_METABOLISM_CYTOCHROME_P450,-0.6469352531675006,-1.9834016812519633,0.00273224043715847,0.013678905687544997,0.049,10/18,19.18%,ADH1A;ADH1C;ADH4;MGST2;ADH1B;ADH6;ADH5;GSTO1;GSTK1;GSTP1,ciao,KEGG
8,prerank,KEGG_GLYCOLYSIS_GLUCONEOGENESIS,-0.5270861930624432,-1.9706148355160154,0.0,0.013037706983441325,0.054,20/40,20.25%,ADH1A;HK1;ADH1C;ADH4;ALDOA;ALDOB;ENO3;DLD;ADH1B;LDHB;TPI1;ADH6;ADH5;LDHA;PGM1;ACSS2;PDHA1;PCK2;FBP2;PGK1,ciao,KEGG
9,prerank,KEGG_HUNTINGTONS_DISEASE,-0.4284103664647807,-1.8935241967810532,0.0048543689320388345,0.02146828253739701,0.098,42/95,22.06%,SLC25A6;SOD1;MT-ATP8;SLC25A5;BDNF;NDUFA4;ATP5F1C;SDHC;MT-CO1;UQCRC1;PLCB4;BAX;VDAC2;CYCS;PPID;GNAQ;VDAC1;NDUFV1;SDHB;COX4I1;AP2B1;COX7C;CASP3;TGM2;AP2S1;UQCRC2;AP2M1;DCTN4;COX6C;ITPR1;ATP5PD;APAF1;COX7A2;MT-CO2;SDHA;COX6B1;COX5B;NDUFB4;UQCRH;UQCRB;NDUFS1;ATP5PO,ciao,KEGG
10,prerank,KEGG_PARKINSONS_DISEASE,-0.4145452495933537,-1.7986613563898284,0.0,0.04291756659467243,0.196,34/79,22.06%,SLC25A6;MT-ATP8;SLC25A5;NDUFA4;ATP5F1C;SEPTIN5;SDHC;MT-CO1;UQCRC1;VDAC2;CYCS;PPID;VDAC1;NDUFV1;UBA7;SDHB;PARK7;COX4I1;COX7C;CASP3;UQCRC2;COX6C;ATP5PD;APAF1;COX7A2;MT-CO2;SDHA;COX6B1;COX5B;NDUFB4;UQCRH;UQCRB;NDUFS1;ATP5PO,ciao,KEGG
11,prerank,KEGG_CITRATE_CYCLE_TCA_CYCLE,-0.5125582540920837,-1.7716954601243675,0.003076923076923077,0.04849793834675044,0.239,13/26,19.89%,FH;ACO1;SDHC;DLD;ACO2;CS;MDH2;SDHB;OGDH;PDHA1;SDHA;PCK2;SUCLA2,ciao,KEGG
0,prerank,HALLMARK_EPITHELIAL_MESENCHYMAL_TRANSITION,0.5515623410002624,2.2248853392357315,0.0,0.0,0.0,48/140,8.82%,COL7A1;CDH2;IGFBP2;TAGLN;LAMA2;COMP;ELN;FBN1;POSTN;TNC;COL16A1;CDH11;SPP1;FBLN1;LRP1;FBLN5;FBLN2;SFRP4;MMP3;COL6A3;QSOX1;NOTCH2;VCAN;CDH6;FMOD;COL6A2;VIM;SDC1;COL11A1;MMP1;MXRA5;EFEMP2;SCG2;BASP1;CAPG;ACTA2;COPA;MGP;CXCL12;PRSS2;TPM1;VEGFA;PCOLCE;MMP2;ABI3BP;LUM;GPC1;CD44,ciao,Hallmark
1,prerank,HALLMARK_COAGULATION,0.5608536869416154,2.1890542071642707,0.0,0.0,0.0,40/109,12.97%,APOC1;CFD;COMP;FBN1;CTSB;MMP7;F12;F11;SERPING1;PLAT;LRP1;GSN;GNG12;MMP3;F8;F2;PROS1;C1S;F9;MMP1;FGG;C1QA;APOC3;APOA1;KLKB1;F10;C8B;C9;MMP2;PROC;FGA;ANG;MMP10;ITIH1;HPN;PEF1;CPN1;CLU;CRIP2;CAPN2,ciao,Hallmark
2,prerank,HALLMARK_FATTY_ACID_METABOLISM,-0.47841352116838665,-2.1321353485448444,0.0,0.0,0.0,33/98,12.99%,ADH1C;CPT1A;FH;EHHADH;ALDH1A1;ACAA1;ALDOA;HMGCL;VNN1;ENO3;ACOX1;HADH;CD36;RAP1GDS1;ACADVL;ECH1;SDHC;DLD;CA2;ACO2;UROD;ECI2;ERP29;ECHS1;DECR1;MDH2;GPD2;RDH11;OSTC;HSD17B4;MIF;ACADM;LDHA,ciao,Hallmark
3,prerank,HALLMARK_PEROXISOME,-0.5421449577337814,-2.1214004678812546,0.0,0.0,0.0,21/51,18.39%,SCP2;EHHADH;ALDH1A1;ACAA1;HMGCL;SOD1;MVP;ACOX1;PRDX1;ISOC1;ECH1;ECI2;FDPS;TTR;RDH11;EPHX2;HSD17B4;PRDX5;ACSL5;ACOT8;GSTK1,ciao,Hallmark
4,prerank,HALLMARK_OXIDATIVE_PHOSPHORYLATION,-0.421683890572759,-2.014560246917413,0.0,0.0013810320558786816,0.004,62/138,22.06%,CPT1A;FH;SLC25A6;ACAA1;SLC25A5;NDUFA4;LRPPRC;ATP5F1C;ACADVL;ECH1;ETFB;SLC25A3;SDHC;DLD;UQCRC1;ATP5MG;BAX;ACO2;VDAC2;LDHB;CS;ECHS1;CYCS;DECR1;MDH2;VDAC1;FXN;PRDX3;NDUFV1;NNT;SDHB;COX4I1;OPA1;COX7C;ACADM;LDHA;PHB2;HADHA;AFG3L2;UQCRC2;ETFA;COX6C;GLUD1;ATP5PD;GOT2;COX7A2;TOMM70;OGDH;PDHA1;SDHA;COX6B1;HSD17B10;IMMT;SUCLA2;NQO2;COX5B;NDUFB4;UQCRH;ATP5MF;UQCRB;NDUFS1;ATP5PO,ciao,Hallmark
5,prerank,HALLMARK_ANGIOGENESIS,0.6345556733940113,1.8978983041115813,0.0014925373134328358,0.001316908557162062,0.004,11/24,8.97%,POSTN;PRG2;SPP1;NRP1;VCAN;VTN;SERPINA5;LPL;VEGFA;LUM;PGLYRP1,ciao,Hallmark
6,prerank,HALLMARK_ESTROGEN_RESPONSE_EARLY,0.5145309736233346,1.8102248697542367,0.001321003963011889,0.006913769925100826,0.028,23/54,24.92%,NBL1;CCN5;INHBB;TSKU;OLFML3;MINDY1;SLC16A1;CXCL12;PODXL;B4GALT1;MAST4;CD44;ELF1;CELSR1;BLVRB;FASN;FCMR;PRSS23;DYNLT3;IGF1R;KRT13;CANT1;GFRA1,ciao,Hallmark
7,prerank,HALLMARK_G2M_CHECKPOINT,0.47014245261138726,1.658036856535119,0.002785515320334262,0.03259348678976104,0.145,29/59,24.35%,NOTCH2;MARCKS;HMGN2;HNRNPU;TMPO;GSPT1;NASP;SFPQ;CUL4A;ILF3;KPNB1;SRSF2;NUMA1;HNRNPD;KATNA1;TRA2B;EWSR1;RPA2;DKC1;STMN1;CHMP1A;TOP1;RBM14;HMGA1;SMC1A;BUB3;LMNB1;RASAL2;RAD23B,ciao,Hallmark
8,prerank,HALLMARK_KRAS_SIGNALING_UP,0.4517197384023476,1.6513685173699277,0.0013089005235602095,0.02897198825756537,0.152,26/76,15.99%,RBP4;SPON1;SPP1;PLAT;SPARCL1;NRP1;SCG5;CXCL10;GPNMB;SERPINA3;CFHR2;PCSK1N;DOCK2;ST6GAL1;ANGPTL4;MMP10;YRDC;IL7R;CPE;FCER1G;CTSS;LY96;CCL20;RELN;RETN;LCP1,ciao,Hallmark
9,prerank,HALLMARK_HEDGEHOG_SIGNALING,0.6310510944941654,1.6220502692747762,0.026984126984126985,0.03541543369796545,0.211,6/14,13.99%,NRP1;NRP2;SCG2;VEGFA;CELSR1;MYH9,ciao,Hallmark
10,prerank,HALLMARK_IL6_JAK_STAT3_SIGNALING,0.5056796667003736,1.6162226083216078,0.01911764705882353,0.0333342478531647,0.227,12/35,15.80%,CXCL9;CSF1;PLA2G2A;CD14;CXCL10;HMOX1;CXCL13;EBI3;CD44;TYK2;CXCL1;PDGFC,ciao,Hallmark
0,prerank,REACTOME_FORMATION_OF_FIBRIN_CLOT_CLOTTING_CASCADE,0.7339450769789118,2.423776348841292,0.0,0.0,0.0,19/36,9.30%,F12;F11;SERPING1;F8;F2;KNG1;PROS1;FGB;F9;F7;FGG;F5;KLKB1;F10;SERPINA5;SERPIND1;PROC;FGA;GP5,ciao,Reactome
1,prerank,REACTOME_INTRINSIC_PATHWAY_OF_FIBRIN_CLOT_FORMATION,0.800585570934663,2.3679849428974045,0.0,0.0,0.0,14/23,9.30%,F12;F11;SERPING1;F8;F2;KNG1;PROS1;F9;KLKB1;F10;SERPINA5;SERPIND1;PROC;GP5,ciao,Reactome
2,prerank,REACTOME_REGULATION_OF_INSULIN_LIKE_GROWTH_FACTOR_IGF_TRANSPORT_AND_UPTAKE_BY_INSULIN_LIKE_GROWTH_FACTOR_BINDING_PROTEINS_IGFBPS,0.6117453661655629,2.326919684964618,0.0,0.0,0.0,51/89,17.79%,IGFBP1;CDH2;IGFBP2;CST3;MSLN;FBN1;TNC;IGFBP6;SPP1;CHGB;IGFBP7;SPARCL1;CSF1;QSOX1;CHRDL1;VCAN;APOA2;F2;C4A;APOE;KNG1;PRKCSH;HSP90B1;CTSG;MMP1;FGG;F5;SCG2;APOA1;VWA1;MIA3;NUCB1;GAS6;SERPIND1;APOB;MMP2;PROC;FGA;ITIH2;DNAJC3;VGF;PCSK9;AHSG;LGALS1;HRC;PENK;CP;GZMH;TGOLN2;DMP1;PRSS23,ciao,Reactome
3,prerank,REACTOME_DISEASES_ASSOCIATED_WITH_GLYCOSAMINOGLYCAN_METABOLISM,0.7531339334379501,2.29273510144008,0.0,0.0,0.0,18/27,10.66%,OMD;PRELP;CSPG4;VCAN;ACAN;FMOD;SDC1;HEXA;OGN;LUM;CHST14;B4GALT1;NCAN;GPC1;GPC4;HEXB;CSPG5;B3GAT3,ciao,Reactome
4,prerank,REACTOME_SIGNALING_BY_RETINOIC_ACID,-0.7583543970499246,-2.245179849638493,0.0,0.017125418072439055,0.011,8/15,9.78%,ADH1A;ADH1C;ADH4;ALDH1A1;FABP5;AKR1C3;DLD;RDH11,ciao,Reactome
5,prerank,REACTOME_DISEASES_OF_GLYCOSYLATION,0.6049255634115879,2.2429325810128105,0.0,0.00016087893524958021,0.001,35/70,18.06%,OMD;PRELP;ADAMTSL4;SPON1;CSPG4;ADAMTS17;NOTCH2;LFNG;VCAN;ACAN;FMOD;SDC1;HEXA;SPON2;NOTCH3;ADAMTS2;OGN;LUM;CHST14;DPAGT1;ADAMTS8;B4GALT1;NCAN;GPC1;GPC4;HEXB;CSPG5;B3GAT3;ALG12;AGRN;SBSPON;ADAMTSL3;ADAMTSL2;DCN;THBS2,ciao,Reactome
6,prerank,REACTOME_EXTRACELLULAR_MATRIX_ORGANIZATION,0.5339133451926503,2.2351170380898284,0.0,0.00013406577937465016,0.001,88/182,21.60%,COL7A1;LAMA2;COMP;LTBP2;ELN;CDH1;FBN1;TNC;PXDN;COL16A1;COL6A1;LTBP4;CTSB;MMP7;SPP1;FBLN1;FBLN5;FBLN2;MMP3;COL6A3;VCAN;ACAN;COL18A1;FMOD;EFEMP1;COL6A2;FGB;SDC1;TNXB;CTSG;COL11A1;MMP1;COL14A1;MMP19;FGG;EFEMP2;LTBP3;MFAP2;KLKB1;ACTA2;SCUBE1;VTN;TLL1;PRSS2;PCOLCE;ADAMTS2;MMP2;CEACAM8;ADAM15;LUM;FGA;ADAMTS8;NCAN;CD44;ITGAL;MMP10;SCUBE3;ASPN;PCOLCE2;CTSL;NID1;CAPN2;CAPN1;COL12A1;AGRN;CTSS;VCAM1;P4HA1;P4HA2;SPARC;DCN;DMP1;ITGB2;ADAM12;LAMB2;MMP14;PSEN1;ITGAE;PDGFA;ICAM1;TIMP2;COL15A1;HAPLN1;MMP12;LAMB1;EMILIN3;P3H3;DAG1,ciao,Reactome
7,prerank,REACTOME_ANTIMICROBIAL_PEPTIDES,0.7056342361809207,2.2167928009781552,0.0,0.00011491352517827157,0.001,21/34,16.91%,CHGA;REG3A;LYZ;PLA2G2A;LCN2;ITLN1;BPIFB1;CTSG;RNASE6;BPIFA1;PRSS2;DEFA5;PGLYRP1;DCD;DEFA6;CLU;CAMP;DEFA4;CCR6;S100A9;CD4,ciao,Reactome
8,prerank,REACTOME_SPOP_MEDIATED_PROTEASOMAL_DEGRADATION_OF_PD_L1_CD274,-0.5947079132150309,-2.20232209458468,0.0,0.011416945381626036,0.015,27/37,28.06%,PSMA6;PSMC4;PSMA2;PSMD1;CSNK2A2;PSMA4;CSNK2A1;PSMC3;PSMB1;PSMD13;PSMD7;PSMD3;PSMD11;PSMD6;PSMA7;PSMC2;CUL3;YWHAG;PSMB7;PSMB2;PSMD14;PSMC1;PSMD8;PSMB3;PSMA3;CSNK2B;PSMC5,ciao,Reactome
9,prerank,REACTOME_REGULATION_OF_PD_L1_CD274_POST_TRANSLATIONAL_MODIFICATION,-0.5226495687013952,-2.1801570383086717,0.0,0.011416945381626036,0.022,37/61,28.06%,DDOST;PSMA6;PSMC4;PSMA2;PSMD1;CSNK2A2;PSMA4;CSNK2A1;ERLIN2;PSMC3;PRKAA1;PSMB1;OSTC;GSK3B;PSMD13;PSMD7;RPN2;PSMD3;PSMD11;PSMD6;PSMA7;PSMC2;RPN1;CUL3;YWHAG;PSMB7;PSMB2;PRKAB1;STT3A;PRKAG1;PSMD14;PSMC1;PSMD8;PSMB3;PSMA3;CSNK2B;PSMC5,ciao,Reactome
10,prerank,REACTOME_DEGRADATION_OF_THE_EXTRACELLULAR_MATRIX,0.5812873854009197,2.164052673480725,0.0,0.0003016480035929629,0.003,35/81,14.34%,COL7A1;ELN;CDH1;FBN1;COL16A1;COL6A1;CTSB;MMP7;SPP1;MMP3;COL6A3;ACAN;COL18A1;COL6A2;CTSG;COL11A1;MMP1;COL14A1;MMP19;KLKB1;SCUBE1;TLL1;PRSS2;MMP2;ADAM15;ADAMTS8;CD44;MMP10;SCUBE3;CTSL;NID1;CAPN2;CAPN1;COL12A1;CTSS,ciao,Reactome
11,prerank,REACTOME_PROTEASOME_ASSEMBLY,-0.5629976673814716,-2.158473780473695,0.0,0.013200843097505103,0.03,32/45,30.07%,PSMA6;PSMC4;PSMA2;PSMD1;PSMA4;PSMC3;PSMD4;PSMB1;PSMD13;PSMD7;PSMD3;PSMD11;PSMD6;PSMB9;PSMA7;PSMD9;PSMC2;PSMD10;PSMG1;PSMB7;PSMB2;PSMD14;PSME4;PSMC1;PSMB10;PSMD8;PSMB3;PSMA3;PSMC5;PSMD12;PSMD5;PAAF1,ciao,Reactome
12,prerank,REACTOME_BIOLOGICAL_OXIDATIONS,-0.506628133083209,-2.1483642876710065,0.0,0.01198779265070734,0.034,28/66,20.64%,ADH1A;ACY1;ADH1C;ADH4;MAT2B;ALDH1A1;ESD;UXS1;AHCY;ABHD14B;MGST2;ADH1B;CYB5B;ADH6;PTGES3;GCLC;ADH5;BPNT1;GSTO1;ACSS2;GGCT;CES1;COMT;PTGS1;GSTK1;GSTP1;NQO2;GSS,ciao,Reactome
13,prerank,REACTOME_UBIQUITIN_MEDIATED_DEGRADATION_OF_PHOSPHORYLATED_CDC25A,-0.5840268585892255,-2.147117966923664,0.0,0.01070338629527441,0.035,25/37,28.06%,MAPK14;PSMA6;PSMC4;PSMA2;PSMD1;PSMA4;PSMC3;PSMB1;GSK3B;CSNK1A1;PSMD13;PSMD7;PSMD3;PSMD11;PSMD6;PSMA7;PSMC2;PSMB7;PSMB2;PSMD14;PSMC1;PSMD8;PSMB3;PSMA3;PSMC5,ciao,Reactome
14,prerank,REACTOME_REGULATION_OF_ORNITHINE_DECARBOXYLASE_ODC,-0.6098765621102774,-2.1448289797871136,0.0,0.009378205134907103,0.036,22/31,28.06%,PSMA6;PSMC4;PSMA2;PSMD1;PSMA4;PSMC3;PSMB1;PSMD13;PSMD7;PSMD3;PSMD11;PSMD6;PSMA7;PSMC2;PSMB7;PSMB2;PSMD14;PSMC1;PSMD8;PSMB3;PSMA3;PSMC5,ciao,Reactome
15,prerank,REACTOME_COLLAGEN_DEGRADATION,0.6726990173901728,2.1436918848260444,0.0,0.00035750874499906714,0.003,17/36,11.59%,COL7A1;COL16A1;COL6A1;CTSB;MMP7;MMP3;COL6A3;COL18A1;COL6A2;COL11A1;MMP1;COL14A1;MMP19;PRSS2;MMP2;MMP10;CTSL,ciao,Reactome
16,prerank,REACTOME_COMPLEMENT_CASCADE,0.5720200297939577,2.1423076642586882,0.0,0.00032175787049916043,0.003,34/83,13.80%,CRP;CFD;GZMM;CFHR3;C4BPB;SERPING1;CFHR1;IGHG4;C4BPA;F2;C4A;IGLV3-25;CFHR5;IGKV1-5;PROS1;C1S;IGLV1-47;C1QA;C7;C8B;C9;CFHR2;VTN;IGHV1-2;COLEC11;C4B;IGHG1;MASP1;IGKV3-20;CD55;CPN1;CLU;C1QB;IGLV3-21,ciao,Reactome
17,prerank,REACTOME_REGULATION_OF_RUNX3_EXPRESSION_AND_ACTIVITY,-0.5845657549334745,-2.13284549995217,0.0,0.009811437437334876,0.044,24/34,28.06%,PSMA6;PSMC4;PSMA2;PSMD1;PSMA4;PSMC3;SRC;PSMB1;TGFB1;PSMD13;PSMD7;PSMD3;PSMD11;PSMD6;PSMA7;PSMC2;PSMB7;PSMB2;PSMD14;PSMC1;PSMD8;PSMB3;PSMA3;PSMC5,ciao,Reactome
18,prerank,REACTOME_G1_S_DNA_DAMAGE_CHECKPOINTS,-0.5706777746127303,-2.127906344686439,0.0,0.010465533266490534,0.052,18/39,15.87%,MAPK14;PSMA6;PSMC4;PSMA2;PSMD1;PSMA4;PSMC3;PSMB1;CDK2;GSK3B;CSNK1A1;PSMD13;PSMD7;PSMD3;PSMD11;PSMD6;PSMA7;PSMC2,ciao,Reactome
19,prerank,REACTOME_DEFECTS_OF_CONTACT_ACTIVATION_SYSTEM_CAS_AND_KALLIKREIN_KININ_SYSTEM_KKS,0.838370716219858,2.1159699401551255,0.0,0.0005850143099984735,0.007,9/14,9.30%,F12;F11;SERPING1;F8;F2;F9;KLKB1;F10;GP5,ciao,Reactome
20,prerank,REACTOME_VIF_MEDIATED_DEGRADATION_OF_APOBEC3G,-0.5794248719492644,-2.115592007991941,0.0,0.011131521747085385,0.063,24/35,28.06%,PSMA6;PSMC4;PSMA2;PSMD1;PSMA4;PSMC3;PSMB1;PSMD13;ELOC;PSMD7;PSMD3;PSMD11;CUL5;PSMD6;PSMA7;PSMC2;PSMB7;PSMB2;PSMD14;PSMC1;PSMD8;PSMB3;PSMA3;PSMC5,ciao,Reactome
21,prerank,REACTOME_REGULATION_OF_APOPTOSIS,-0.579380468856983,-2.11513545584462,0.0,0.010119565224623078,0.063,24/35,28.06%,PSMA6;PSMC4;PSMA2;PSMD1;PSMA4;PSMC3;PAK2;PSMB1;PSMD13;PSMD7;OPA1;PSMD3;PSMD11;PSMD6;PSMA7;PSMC2;PSMB7;PSMB2;PSMD14;PSMC1;PSMD8;PSMB3;PSMA3;PSMC5,ciao,Reactome
22,prerank,REACTOME_METABOLISM_OF_POLYAMINES,-0.582791389537354,-2.1122147650735044,0.0,0.009870900694530844,0.067,24/34,28.06%,PSMA6;PSMC4;PSMA2;PSMD1;PSMA4;PSMC3;PSMB1;PSMD13;PSMD7;PSMD3;PSMD11;PSMD6;PSMA7;PSMC2;PSMB7;SMS;PSMB2;SRM;PSMD14;PSMC1;PSMD8;PSMB3;PSMA3;PSMC5,ciao,Reactome
23,prerank,REACTOME_PLASMA_LIPOPROTEIN_REMODELING,0.7104212066218842,2.1086008748037157,0.0,0.0006032960071859257,0.008,12/24,9.13%,APOF;ANGPTL3;APOA2;CETP;APOE;APOC3;APOA1;PLTP;LPL;APOB;ANGPTL4;LCAT,ciao,Reactome
24,prerank,REACTOME_COMMON_PATHWAY_OF_FIBRIN_CLOT_FORMATION,0.7344589407915487,2.0975391587647043,0.0,0.0007425181626903702,0.011,11/20,8.13%,F8;F2;PROS1;FGB;FGG;F5;F10;SERPINA5;SERPIND1;PROC;FGA,ciao,Reactome
25,prerank,REACTOME_ASSEMBLY_OF_COLLAGEN_FIBRILS_AND_OTHER_MULTIMERIC_STRUCTURES,0.6555654918024372,2.081789677597249,0.0,0.0009193082014261726,0.015,13/34,7.40%,COL7A1;PXDN;COL6A1;CTSB;MMP7;MMP3;COL6A3;COL18A1;COL6A2;COL11A1;COL14A1;TLL1;PCOLCE,ciao,Reactome
26,prerank,REACTOME_ORC1_REMOVAL_FROM_CHROMATIN,-0.5672672659320874,-2.0678528968407437,0.0,0.01624719150462167,0.118,23/35,28.06%,PSMA6;PSMC4;PSMA2;PSMD1;PSMA4;PSMC3;PSMB1;CDK2;PSMD13;PSMD7;PSMD3;PSMD11;PSMD6;PSMA7;PSMC2;PSMB7;PSMB2;PSMD14;PSMC1;PSMD8;PSMB3;PSMA3;PSMC5,ciao,Reactome
27,prerank,REACTOME_COLLAGEN_FORMATION,0.6059266124741046,2.065313415679279,0.0,0.0009652736114974812,0.017,21/48,15.97%,COL7A1;PXDN;COL16A1;COL6A1;CTSB;MMP7;MMP3;COL6A3;COL18A1;COL6A2;COL11A1;COL14A1;TLL1;PCOLCE;ADAMTS2;PCOLCE2;CTSL;COL12A1;CTSS;P4HA1;P4HA2,ciao,Reactome
28,prerank,REACTOME_UBIQUITIN_DEPENDENT_DEGRADATION_OF_CYCLIN_D,-0.5774527987484718,-2.0649394440862388,0.0,0.015494425875063908,0.12,23/33,28.06%,PSMA6;PSMC4;PSMA2;PSMD1;PSMA4;PSMC3;PSMB1;GSK3B;PSMD13;PSMD7;PSMD3;PSMD11;PSMD6;PSMA7;PSMC2;PSMB7;PSMB2;PSMD14;PSMC1;PSMD8;PSMB3;PSMA3;PSMC5,ciao,Reactome
29,prerank,REACTOME_DEGRADATION_OF_DVL,-0.5683961398044373,-2.056936078648631,0.0,0.016554570803357753,0.133,23/34,28.06%,PSMA6;PSMC4;PSMA2;PSMD1;PSMA4;PSMC3;PSMB1;PSMD13;PSMD7;PSMD3;PSMD11;PSMD6;PSMA7;PSMC2;CUL3;PSMB7;PSMB2;PSMD14;PSMC1;PSMD8;PSMB3;PSMA3;PSMC5,ciao,Reactome
30,prerank,REACTOME_GSK3B_MEDIATED_PROTEASOMAL_DEGRADATION_OF_PD_L1_CD274,-0.5608279919245239,-2.048425798265882,0.0,0.017482197615614866,0.145,23/36,28.06%,PSMA6;PSMC4;PSMA2;PSMD1;PSMA4;PSMC3;PSMB1;GSK3B;PSMD13;PSMD7;PSMD3;PSMD11;PSMD6;PSMA7;PSMC2;PSMB7;PSMB2;PSMD14;PSMC1;PSMD8;PSMB3;PSMA3;PSMC5,ciao,Reactome
31,prerank,REACTOME_REGULATION_OF_RUNX2_EXPRESSION_AND_ACTIVITY,-0.5436553206542313,-2.0387693605949595,0.0,0.018888328756366608,0.165,26/38,30.21%,PSMA6;PSMC4;PSMA2;PSMD1;PSMA4;PSMC3;PSMB1;GSK3B;PSMD13;PSMD7;PSMD3;PSMD11;STUB1;PSMD6;PSMA7;PSMC2;PSMB7;PSMB2;PSMD14;PSMC1;PSMD8;PSMB3;PSMA3;PSMC5;PSMD12;STAT1,ciao,Reactome
32,prerank,REACTOME_FBXL7_DOWN_REGULATES_AURKA_DURING_MITOTIC_ENTRY_AND_IN_EARLY_MITOSIS,-0.5549063888445348,-2.037083662204857,0.0,0.018393967559286392,0.17,22/35,28.06%,PSMA6;PSMC4;PSMA2;PSMD1;PSMA4;PSMC3;PSMB1;PSMD13;PSMD7;PSMD3;PSMD11;PSMD6;PSMA7;PSMC2;PSMB7;PSMB2;PSMD14;PSMC1;PSMD8;PSMB3;PSMA3;PSMC5,ciao,Reactome
33,prerank,REACTOME_DEGRADATION_OF_CRY_AND_PER_PROTEINS,-0.5595631769864756,-2.0341461189045704,0.0,0.017054062163803892,0.173,22/34,28.06%,PSMA6;PSMC4;PSMA2;PSMD1;PSMA4;PSMC3;PSMB1;PSMD13;PSMD7;PSMD3;PSMD11;PSMD6;PSMA7;PSMC2;PSMB7;PSMB2;PSMD14;PSMC1;PSMD8;PSMB3;PSMA3;PSMC5,ciao,Reactome
34,prerank,REACTOME_SCF_BETA_TRCP_MEDIATED_DEGRADATION_OF_EMI1,-0.5595631769864756,-2.0341461189045704,0.0,0.017054062163803892,0.173,22/34,28.06%,PSMA6;PSMC4;PSMA2;PSMD1;PSMA4;PSMC3;PSMB1;PSMD13;PSMD7;PSMD3;PSMD11;PSMD6;PSMA7;PSMC2;PSMB7;PSMB2;PSMD14;PSMC1;PSMD8;PSMB3;PSMA3;PSMC5,ciao,Reactome
35,prerank,REACTOME_UB_SPECIFIC_PROCESSING_PROTEASES,-0.46867028408130185,-2.032254101332876,0.0,0.016513795998423373,0.175,27/77,16.41%,ARRB1;USP7;WDR20;MAT2B;TAB1;PSMA6;PSMC4;SNX3;PSMA2;VDAC2;PSMD1;PSMA4;PSMC3;VDAC1;PTEN;PSMB1;PSMD13;PSMD7;PSMD3;PSMD11;PSMD6;HGS;MAP3K7;PSMA7;PSMC2;TOMM70;RUVBL1,ciao,Reactome
36,prerank,REACTOME_STABILIZATION_OF_P53,-0.570417657175489,-2.0303546294082184,0.0,0.01634698997823728,0.179,22/32,28.06%,PSMA6;PSMC4;PSMA2;PSMD1;PSMA4;PSMC3;PSMB1;PSMD13;PSMD7;PSMD3;PSMD11;PSMD6;PSMA7;PSMC2;PSMB7;PSMB2;PSMD14;PSMC1;PSMD8;PSMB3;PSMA3;PSMC5,ciao,Reactome
37,prerank,REACTOME_CIRCADIAN_CLOCK,-0.5070506273835979,-2.0225344246324704,0.0,0.01675312637521212,0.19,20/49,16.28%,SERPINE1;CPT1A;PPP1CB;PSMA6;PSMC4;PSMA2;PSMD1;CSNK2A2;PSMA4;CSNK2A1;PSMC3;PSMB1;PSMD13;PSMD7;PSMD3;PSMD11;PSMD6;PSMA7;PSMC2;PPP1CA,ciao,Reactome
38,prerank,REACTOME_DECTIN_1_MEDIATED_NONCANONICAL_NF_KB_SIGNALING,-0.5390966360052187,-2.0134672779582985,0.003289473684210526,0.017541660872810838,0.202,24/40,28.06%,PSMA6;PSMC4;PSMA2;PSMD1;PSMA4;PSMC3;PSMB1;PSMD13;UBE2M;PSMD7;UBA3;PSMD3;PSMD11;PSMD6;PSMA7;PSMC2;PSMB7;PSMB2;PSMD14;PSMC1;PSMD8;PSMB3;PSMA3;PSMC5,ciao,Reactome
39,prerank,REACTOME_P53_DEPENDENT_G1_DNA_DAMAGE_RESPONSE,-0.5523414624938937,-2.0071456976384603,0.0,0.01832419733750979,0.22,23/34,28.06%,PSMA6;PSMC4;PSMA2;PSMD1;PSMA4;PSMC3;PSMB1;CDK2;PSMD13;PSMD7;PSMD3;PSMD11;PSMD6;PSMA7;PSMC2;PSMB7;PSMB2;PSMD14;PSMC1;PSMD8;PSMB3;PSMA3;PSMC5,ciao,Reactome
40,prerank,REACTOME_MITOCHONDRIAL_PROTEIN_DEGRADATION,-0.4903284831591463,-2.004544987702538,0.0,0.01783897715879068,0.221,33/69,23.67%,FH;SLC25A6;SLC25A5;HADH;ATP5F1C;ECH1;PRKACA;DLD;MT-CO1;ATP5MG;ACO2;CS;MDH2;NDUFV1;COX4I1;APP;OPA1;SHMT2;AFG3L2;SSBP1;UQCRC2;GLUD1;ATP5PD;OGDH;PDHA1;MT-CO2;HSD17B10;COX5B;PDK1;NDUFS1;ATP5PO;ME2;ACAT1,ciao,Reactome
41,prerank,REACTOME_DEGRADATION_OF_BETA_CATENIN_BY_THE_DESTRUCTION_COMPLEX,-0.5125240684807945,-2.0025296755504938,0.0,0.017495411672769526,0.224,30/47,29.84%,PPP2CA;PSMA6;PSMC4;PSMA2;PSMD1;PSMA4;PSMC3;PPP2R5D;PSMB1;GSK3B;CSNK1A1;PSMD13;PSMD7;PSMD3;PSMD11;PSMD6;PSMA7;PSMC2;PPP2R5E;PSMB7;HDAC1;PSMB2;PSMD14;PSMC1;PSMD8;PSMB3;PSMA3;PSMC5;PPP2CB;PSMD12,ciao,Reactome
42,prerank,REACTOME_GLYCOSAMINOGLYCAN_METABOLISM,0.5693151489288687,2.0021091350962674,0.0,0.0028656560341331475,0.05,23/56,11.59%,OMD;PRELP;CSPG4;VCAN;ACAN;FMOD;HS3ST3B1;SDC1;HEXA;CEMIP;OGN;LUM;CHST14;B4GALT1;NCAN;GPC1;CD44;GPC4;CHST7;HEXB;CSPG5;B3GAT3;CTSL,ciao,Reactome
43,prerank,REACTOME_AUF1_HNRNP_D0_BINDS_AND_DESTABILIZES_MRNA,-0.5410716905806467,-2.001143538409886,0.0,0.01702348106010311,0.225,25/37,28.06%,HSPB1;PSMA6;PSMC4;PSMA2;PSMD1;PSMA4;PSMC3;PSMB1;PSMD13;PSMD7;PSMD3;PSMD11;PSMD6;PSMA7;PSMC2;PSMB7;HSPA8;PSMB2;PSMD14;PSMC1;PSMD8;PSMB3;PSMA3;EIF4G1;PSMC5,ciao,Reactome
44,prerank,REACTOME_SCF_SKP2_MEDIATED_DEGRADATION_OF_P27_P21,-0.542499920216943,-2.000511587877405,0.0,0.016485675443296214,0.226,23/36,28.06%,PSMA6;PSMC4;PSMA2;PSMD1;PSMA4;PSMC3;PSMB1;CDK2;PSMD13;PSMD7;PSMD3;PSMD11;PSMD6;PSMA7;PSMC2;PSMB7;PSMB2;PSMD14;PSMC1;PSMD8;PSMB3;PSMA3;PSMC5,ciao,Reactome
45,prerank,REACTOME_PHASE_I_FUNCTIONALIZATION_OF_COMPOUNDS,-0.6029473202554875,-1.9997394700535474,0.0,0.01617400595730355,0.23,12/24,17.41%,ADH1A;ADH1C;ADH4;ALDH1A1;ADH1B;CYB5B;ADH6;PTGES3;ADH5;ACSS2;CES1;PTGS1,ciao,Reactome
46,prerank,REACTOME_REGULATION_OF_PTEN_STABILITY_AND_ACTIVITY,-0.5225060012432464,-1.9990614478779705,0.0,0.015790372039910204,0.231,27/42,28.06%,PSMA6;PSMC4;PSMA2;PSMD1;CSNK2A2;PSMA4;CSNK2A1;PSMC3;PTEN;PSMB1;PSMD13;PSMD7;PSMD3;PSMD11;STUB1;PSMD6;PSMA7;PSMC2;PSMB7;PSMB2;PSMD14;PSMC1;PSMD8;PSMB3;PSMA3;CSNK2B;PSMC5,ciao,Reactome
47,prerank,REACTOME_COLLAGEN_CHAIN_TRIMERIZATION,0.7294371432745208,1.9957709685519518,0.0029806259314456036,0.0032648960388885397,0.06,8/17,4.29%,COL7A1;COL16A1;COL6A1;COL6A3;COL18A1;COL6A2;COL11A1;COL14A1,ciao,Reactome
48,prerank,REACTOME_CROSS_PRESENTATION_OF_SOLUBLE_EXOGENOUS_ANTIGENS_ENDOSOMES,-0.5432421341863886,-1.9903100847995574,0.0,0.016278066657396496,0.241,24/37,28.06%,PSMA6;PSMC4;PSMA2;PSMD1;PSMA4;PSMC3;PSMB1;PSMD13;PSMD7;PSMD3;PSMD11;PSMD6;PSMB9;PSMA7;PSMC2;PSMB7;PSMB2;PSMD14;PSMC1;PSMB10;PSMD8;PSMB3;PSMA3;PSMC5,ciao,Reactome
49,prerank,REACTOME_CDK_MEDIATED_PHOSPHORYLATION_AND_REMOVAL_OF_CDC6,-0.5187051417394754,-1.9839772269689249,0.0,0.016692958020104735,0.255,25/41,30.03%,PSMA6;PSMC4;PSMA2;PSMD1;PSMA4;PSMC3;PSMB1;CDK2;PSMD13;PSMD7;PSMD3;PSMD11;PSMD6;PSMA7;PSMC2;PSMB7;PSMB2;PSMD14;PSMC1;PSMD8;PSMB3;PSMA3;PSMC5;PSMD12;CDC27,ciao,Reactome
50,prerank,REACTOME_INTEGRIN_CELL_SURFACE_INTERACTIONS,0.578469514763858,1.9814193964415265,0.0,0.003619776043115555,0.069,18/51,9.70%,COL7A1;COMP;CDH1;FBN1;TNC;COL16A1;COL6A1;SPP1;COL6A3;COL18A1;COL6A2;FGB;FGG;VTN;LUM;FGA;CD44;ITGAL,ciao,Reactome
51,prerank,REACTOME_AMPK_INDUCED_ERAD_AND_LYSOSOME_MEDIATED_DEGRADATION_OF_PD_L1_CD274,-0.5141686913331949,-1.9804871514814086,0.0,0.016579755241699575,0.258,26/43,28.06%,PSMA6;PSMC4;PSMA2;PSMD1;PSMA4;ERLIN2;PSMC3;PRKAA1;PSMB1;PSMD13;PSMD7;PSMD3;PSMD11;PSMD6;PSMA7;PSMC2;PSMB7;PSMB2;PRKAB1;PRKAG1;PSMD14;PSMC1;PSMD8;PSMB3;PSMA3;PSMC5,ciao,Reactome
52,prerank,REACTOME_TRANSCRIPTIONAL_REGULATION_BY_RUNX2,-0.48986518343214036,-1.97825553635011,0.0,0.016513795998423376,0.263,22/53,15.87%,ITGA5;PSMA6;PSMC4;PSMA2;BAX;PSMD1;PSMA4;PSMC3;SRC;LGALS3;PSMB1;GSK3B;PSMD13;PSMD7;PSMD3;PSMD11;STUB1;PSMD6;YES1;HDAC6;PSMA7;PSMC2,ciao,Reactome
53,prerank,REACTOME_NEGATIVE_REGULATION_OF_NOTCH4_SIGNALING,-0.5318072350095505,-1.9754049639825189,0.0,0.016411858986087425,0.267,23/37,28.06%,PSMA6;PSMC4;PSMA2;PSMD1;PSMA4;PSMC3;PSMB1;PSMD13;PSMD7;PSMD3;PSMD11;PSMD6;PSMA7;PSMC2;PSMB7;YWHAZ;PSMB2;PSMD14;PSMC1;PSMD8;PSMB3;PSMA3;PSMC5,ciao,Reactome
54,prerank,REACTOME_SWITCHING_OF_ORIGINS_TO_A_POST_REPLICATIVE_STATE,-0.5094392615815826,-1.9732603245141496,0.0,0.0163154320825264,0.271,25/43,30.03%,PSMA6;PSMC4;PSMA2;PSMD1;PSMA4;PSMC3;PSMB1;CDK2;PSMD13;PSMD7;PSMD3;PSMD11;PSMD6;PSMA7;PSMC2;PSMB7;PSMB2;PSMD14;PSMC1;PSMD8;PSMB3;PSMA3;PSMC5;PSMD12;CDC27,ciao,Reactome
55,prerank,REACTOME_HH_MUTANTS_ABROGATE_LIGAND_SECRETION,-0.533087670977275,-1.9514017069198895,0.0,0.01956654126258936,0.311,22/35,28.06%,PSMA6;PSMC4;PSMA2;PSMD1;PSMA4;PSMC3;PSMB1;PSMD13;PSMD7;PSMD3;PSMD11;PSMD6;PSMA7;PSMC2;PSMB7;PSMB2;PSMD14;PSMC1;PSMD8;PSMB3;PSMA3;PSMC5,ciao,Reactome
56,prerank,REACTOME_APC_C_CDH1_MEDIATED_DEGRADATION_OF_CDC20_AND_OTHER_APC_C_CDH1_TARGETED_PROTEINS_IN_LATE_MITOSIS_EARLY_G1,-0.5101820723378151,-1.9440658818861838,0.0,0.020162618286140854,0.323,24/40,30.03%,PSMA6;PSMC4;PSMA2;PSMD1;PSMA4;PSMC3;PSMB1;PSMD13;PSMD7;PSMD3;PSMD11;PSMD6;PSMA7;PSMC2;PSMB7;PSMB2;PSMD14;PSMC1;PSMD8;PSMB3;PSMA3;PSMC5;PSMD12;CDC27,ciao,Reactome
57,prerank,REACTOME_MOLECULES_ASSOCIATED_WITH_ELASTIC_FIBRES,0.6378096150130249,1.941562160381692,0.00145985401459854,0.006477493971890993,0.112,12/26,6.36%,LTBP2;ELN;FBN1;LTBP4;FBLN1;FBLN5;FBLN2;EFEMP1;EFEMP2;LTBP3;MFAP2;VTN,ciao,Reactome
58,prerank,REACTOME_DEGRADATION_OF_AXIN,-0.5391273269460337,-1.9384593505847056,0.0,0.021014315093055423,0.339,22/34,28.06%,PSMA6;PSMC4;PSMA2;PSMD1;PSMA4;PSMC3;PSMB1;PSMD13;PSMD7;PSMD3;PSMD11;PSMD6;PSMA7;PSMC2;PSMB7;PSMB2;PSMD14;PSMC1;PSMD8;PSMB3;PSMA3;PSMC5,ciao,Reactome
59,prerank,REACTOME_COMPLEX_IV_ASSEMBLY,-0.6295650839740221,-1.9220758447770045,0.0,0.023878123572547136,0.381,13/17,20.29%,CMC1;NDUFA4;MT-CO1;COX4I1;COX7C;SMIM20;COX6C;COX7A2;MT-CO2;COA3;COX6B1;PNKD;COX5B,ciao,Reactome
60,prerank,REACTOME_RAB_GERANYLGERANYLATION,-0.5138234768831312,-1.9215851013586664,0.0,0.02337755482904379,0.381,25/38,29.59%,RAB1B;RAB12;RAB4B;RAB32;RAB6B;RAB27B;RAB11B;RAB10;RAB35;RAB2B;RABGGTA;RAB6A;RAB21;RAB5B;RAB1A;RAB2A;RAB18;RAB34;RAB9A;RAB33A;RAB5C;RAB27A;RAB37;RAB3C;PTP4A2,ciao,Reactome
61,prerank,REACTOME_HEDGEHOG_ON_STATE,-0.5133304758174349,-1.9201223707565276,0.0,0.02329853388924848,0.385,26/42,28.06%,ARRB1;PSMA6;PSMC4;PSMA2;PSMD1;PSMA4;PSMC3;PSMB1;CSNK1A1;PSMD13;PSMD7;PSMD3;PSMD11;PSMD6;PSMA7;PSMC2;CUL3;PSMB7;GRK2;PSMB2;PSMD14;PSMC1;PSMD8;PSMB3;PSMA3;PSMC5,ciao,Reactome
62,prerank,REACTOME_ASYMMETRIC_LOCALIZATION_OF_PCP_PROTEINS,-0.5347453378427899,-1.9179641409150276,0.0,0.023547449849603698,0.396,22/33,28.06%,PSMA6;PSMC4;PSMA2;PSMD1;PSMA4;PSMC3;PSMB1;PSMD13;PSMD7;PSMD3;PSMD11;PSMD6;PSMA7;PSMC2;PSMB7;PSMB2;PSMD14;PSMC1;PSMD8;PSMB3;PSMA3;PSMC5,ciao,Reactome
63,prerank,REACTOME_UCH_PROTEINASES,-0.4953060618500405,-1.917597942921588,0.0,0.02318274187213509,0.397,26/43,28.31%,PSMA6;PSMC4;PSMA2;UCHL5;PSMD1;PSMA4;PSMC3;PSMB1;TGFB1;PSMD13;PSMD7;PSMD3;PSMD11;PSMD6;PSMA7;PSMC2;RUVBL1;PSMB7;PSMB2;PSMD14;PSMC1;PSMD8;PSMB3;PSMA3;PSMC5;UCHL3,ciao,Reactome
64,prerank,REACTOME_AMYLOID_FIBER_FORMATION,0.612365048968295,1.9175351212906142,0.0,0.009049440107788888,0.157,13/32,13.12%,CST3;NPPA;H4C1;GSN;LYZ;SAA1;APOE;APOA1;FGA;B2M;USP9X;APCS;SORL1,ciao,Reactome
65,prerank,REACTOME_KERATAN_SULFATE_BIOSYNTHESIS,0.8101308783074566,1.9102339881756563,0.0,0.009499518081403785,0.172,7/10,8.38%,OMD;PRELP;ACAN;FMOD;OGN;LUM;B4GALT1,ciao,Reactome
66,prerank,REACTOME_DEGRADATION_OF_GLI1_BY_THE_PROTEASOME,-0.5135045796870392,-1.9059662083246207,0.003246753246753247,0.025564029876249603,0.428,23/38,28.06%,PSMA6;PSMC4;PRKACA;PSMA2;PSMD1;PSMA4;PSMC3;PSMB1;PSMD13;PSMD7;PSMD3;PSMD11;PSMD6;PSMA7;PSMC2;PSMB7;PSMB2;PSMD14;PSMC1;PSMD8;PSMB3;PSMA3;PSMC5,ciao,Reactome
67,prerank,REACTOME_KERATINIZATION,0.6035691019961209,1.902044142972631,0.0,0.009547815070246825,0.185,24/34,32.61%,KRT6B;SPINK5;KRT2;KRT16;KRT17;KRT10;KRT76;DSG2;DSC2;KLK14;KRT1;KRT78;ST14;CAPN1;KRT6A;KRT25;KRT33A;KRT13;KRT27;KRT71;CSTA;KRT14;JUP;KRT4,ciao,Reactome
68,prerank,REACTOME_FORMATION_OF_THE_CORNIFIED_ENVELOPE,0.6035691019961209,1.902044142972631,0.0,0.009547815070246825,0.185,24/34,32.61%,KRT6B;SPINK5;KRT2;KRT16;KRT17;KRT10;KRT76;DSG2;DSC2;KLK14;KRT1;KRT78;ST14;CAPN1;KRT6A;KRT25;KRT33A;KRT13;KRT27;KRT71;CSTA;KRT14;JUP;KRT4,ciao,Reactome
69,prerank,REACTOME_DISEASES_OF_HEMOSTASIS,0.7142290281663033,1.8962745316184404,0.0,0.009820318339193125,0.196,9/17,9.30%,F12;F11;SERPING1;F8;F2;F9;KLKB1;F10;GP5,ciao,Reactome
70,prerank,REACTOME_PEROXISOMAL_PROTEIN_IMPORT,-0.5700262707515206,-1.8916837013291854,0.0030959752321981426,0.028420906588303114,0.469,10/27,11.63%,AGPS;SCP2;EHHADH;ACAA1;HMGCL;ACOX1;ECH1;ECI2;EPHX2;HSD17B4,ciao,Reactome
71,prerank,REACTOME_APC_C_MEDIATED_DEGRADATION_OF_CELL_CYCLE_PROTEINS,-0.4838979615932418,-1.8860940900304766,0.0,0.028928874625838888,0.482,25/44,30.03%,PSMA6;PSMC4;PSMA2;PSMD1;PSMA4;PSMC3;PSMB1;CDK2;PSMD13;PSMD7;PSMD3;PSMD11;PSMD6;PSMA7;PSMC2;PSMB7;PSMB2;PSMD14;PSMC1;PSMD8;PSMB3;PSMA3;PSMC5;PSMD12;CDC27,ciao,Reactome
72,prerank,REACTOME_DENGUE_VIRUS_ACTIVATES_MODULATES_INNATE_AND_ADAPTIVE_IMMUNE_RESPONSES,0.6694045368488902,1.8854714008036992,0.0,0.01139022861567028,0.227,11/22,12.09%,C4BPB;C4BPA;C4A;UBR4;C1S;C1QA;APOA1;VTN;C4B;EXOC1;CLU,ciao,Reactome
73,prerank,REACTOME_HEDGEHOG_LIGAND_BIOGENESIS,-0.49699703823692165,-1.880602061579298,0.0,0.03002773134810317,0.5,23/39,28.06%,NOTUM;PSMA6;PSMC4;PSMA2;PSMD1;PSMA4;PSMC3;PSMB1;PSMD13;PSMD7;PSMD3;PSMD11;PSMD6;PSMA7;PSMC2;PSMB7;PSMB2;PSMD14;PSMC1;PSMD8;PSMB3;PSMA3;PSMC5,ciao,Reactome
74,prerank,REACTOME_ACTIVATION_OF_MATRIX_METALLOPROTEINASES,0.6690313687894126,1.878999497705832,0.0030816640986132513,0.011973105373382219,0.247,9/20,10.07%,MMP7;MMP3;COL18A1;CTSG;MMP1;KLKB1;PRSS2;MMP2;MMP10,ciao,Reactome
75,prerank,REACTOME_BETA_CATENIN_INDEPENDENT_WNT_SIGNALING,-0.4342292039462594,-1.8740715920195357,0.0,0.03102554907456876,0.515,28/79,15.87%,PDE6A;PRKG1;PPP3CA;PSMA6;PSMC4;GNG11;PSMA2;PSMD1;PSMA4;DAAM1;GNB4;PSMC3;PSMB1;PSMD13;AP2B1;PSMD7;GNG7;PSMD3;PSMD11;PSMD6;AP2S1;ITPR2;AP2M1;GNG8;ITPR1;MAP3K7;PSMA7;PSMC2,ciao,Reactome
76,prerank,REACTOME_FORMATION_OF_TUBULIN_FOLDING_INTERMEDIATES_BY_CCT_TRIC,0.6849039541505949,1.8690285526134731,0.0,0.013436370332881606,0.281,11/17,15.66%,TUBB2A;TUBB6;TUBA4A;CCT3;TUBB1;TUBA1C;TCP1;CCT4;CCT7;TUBA1B;TUBB4B,ciao,Reactome
77,prerank,REACTOME_COLLAGEN_BIOSYNTHESIS_AND_MODIFYING_ENZYMES,0.5884939636922012,1.8637338458028638,0.0,0.013674709496214316,0.292,15/33,15.97%,COL7A1;COL16A1;COL6A1;COL6A3;COL18A1;COL6A2;COL11A1;COL14A1;TLL1;PCOLCE;ADAMTS2;PCOLCE2;COL12A1;P4HA1;P4HA2,ciao,Reactome
78,prerank,REACTOME_KERATAN_SULFATE_DEGRADATION,0.7768254271933454,1.8618894334999303,0.001607717041800643,0.013563758506387021,0.301,8/11,9.68%,OMD;PRELP;ACAN;FMOD;HEXA;OGN;LUM;HEXB,ciao,Reactome
79,prerank,REACTOME_KERATAN_SULFATE_KERATIN_METABOLISM,0.713297196416262,1.861820164438162,0.0015432098765432098,0.013111633222840787,0.301,9/15,9.68%,OMD;PRELP;ACAN;FMOD;HEXA;OGN;LUM;B4GALT1;HEXB,ciao,Reactome
80,prerank,REACTOME_DEUBIQUITINATION,-0.40429302976378056,-1.849604002103179,0.0,0.03819639815176357,0.596,33/106,16.41%,ARRB1;USP7;WDR20;MAT2B;YOD1;TAB1;PSMA6;PSMC4;SNX3;PSMA2;UCHL5;MAVS;VDAC2;PSMD1;PSMA4;PSMC3;VDAC1;PTEN;PSMB1;TGFB1;PSMD13;STAM;PSMD7;PSMD3;PSMD11;PSMD6;HGS;MAP3K7;PSMA7;STAMBP;PSMC2;TOMM70;RUVBL1,ciao,Reactome
81,prerank,REACTOME_ACTIVATION_OF_APC_C_AND_APC_C_CDC20_MEDIATED_DEGRADATION_OF_MITOTIC_PROTEINS,-0.4831980343885744,-1.841835644189656,0.0,0.0400965317369126,0.621,24/41,30.03%,PSMA6;PSMC4;PSMA2;PSMD1;PSMA4;PSMC3;PSMB1;PSMD13;PSMD7;PSMD3;PSMD11;PSMD6;PSMA7;PSMC2;PSMB7;PSMB2;PSMD14;PSMC1;PSMD8;PSMB3;PSMA3;PSMC5;PSMD12;CDC27,ciao,Reactome
82,prerank,REACTOME_DISEASES_ASSOCIATED_WITH_O_GLYCOSYLATION_OF_PROTEINS,0.6142274550606053,1.832324757816106,0.001440922190201729,0.018812456138055746,0.417,15/25,23.04%,ADAMTSL4;SPON1;ADAMTS17;NOTCH2;LFNG;SPON2;NOTCH3;ADAMTS2;ADAMTS8;SBSPON;ADAMTSL3;ADAMTSL2;THBS2;DAG1;NOTCH1,ciao,Reactome
83,prerank,REACTOME_PLASMA_LIPOPROTEIN_ASSEMBLY_REMODELING_AND_CLEARANCE,0.5281699312584399,1.8309062352467702,0.0,0.018576489554599965,0.424,16/50,11.86%,APOF;APOC1;ANGPTL3;APOA2;CETP;APOE;APOC3;APOA1;PLTP;LPL;APOB;APOBR;ANGPTL4;LCAT;APOC4;PCSK9,ciao,Reactome
84,prerank,REACTOME_CS_GAG_BIOSYNTHESIS,0.7739033376857682,1.830055861546516,0.0,0.01811106801370274,0.426,6/10,17.04%,CSPG4;VCAN;NCAN;CHST7;CSPG5;DCN,ciao,Reactome
85,prerank,REACTOME_ELASTIC_FIBRE_FORMATION,0.5840091426877337,1.8291070288620779,0.001440922190201729,0.017862293546093096,0.431,12/31,6.36%,LTBP2;ELN;FBN1;LTBP4;FBLN1;FBLN5;FBLN2;EFEMP1;EFEMP2;LTBP3;MFAP2;VTN,ciao,Reactome
86,prerank,REACTOME_CHONDROITIN_SULFATE_DERMATAN_SULFATE_METABOLISM,0.6541773929082216,1.805302955618658,0.0015290519877675841,0.023741134301830905,0.533,8/18,10.36%,CSPG4;VCAN;HEXA;CHST14;NCAN;CHST7;HEXB;CSPG5,ciao,Reactome
89,prerank,REACTOME_REGULATION_OF_TLR_BY_ENDOGENOUS_LIGAND,0.6844051883551614,1.79281300762729,0.004830917874396135,0.02679081157836759,0.58,9/14,16.05%,LBP;SFTPD;CD14;FGB;FGG;APOB;FGA;LY96;S100A9,ciao,Reactome
91,prerank,REACTOME_GAMMA_CARBOXYLATION_HYPUSINYLATION_HYDROXYLATION_AND_ARYLSULFATASE_ACTIVATION,0.5871445628728699,1.7878959451482461,0.0028169014084507044,0.027392899785739333,0.6,18/28,28.61%,F8;F2;PROS1;F9;F7;F10;GAS6;FN3K;PROC;ASPH;RPS23;U2AF2;EEF2;PROZ;RPS6;RWDD1;EIF5A;DPH6,ciao,Reactome
92,prerank,REACTOME_NCAM_SIGNALING_FOR_NEURITE_OUT_GROWTH,0.5852992903680555,1.7862721740171223,0.0029806259314456036,0.027116567901935822,0.605,17/28,25.98%,COL6A1;COL6A3;COL6A2;SPTB;ST8SIA4;SPTA1;SPTBN1;NCAN;GFRA2;SOS1;NRAS;AGRN;NCAM1;GFRA1;MAPK1;COL4A2;PTPRA,ciao,Reactome
94,prerank,REACTOME_SCAVENGING_BY_CLASS_A_RECEPTORS,0.6718601379049148,1.7767470552541789,0.0014771048744460858,0.029556347975980567,0.645,11/16,15.64%,COLEC12;APOE;MARCO;HSP90B1;APOA1;CALR;COLEC11;APOB;MASP1;FTL;SCGB3A2,ciao,Reactome
95,prerank,REACTOME_RHOBTB1_GTPASE_CYCLE,0.6563893712043011,1.7747618711870228,0.0030911901081916537,0.029541394485204164,0.652,9/17,17.08%,COPS4;VIM;GPS1;CPSF7;HNRNPC;CCT7;TRA2B;COPS2;SRRM1,ciao,Reactome
96,prerank,REACTOME_DEFECTIVE_B4GALT7_CAUSES_EDS_PROGEROID_TYPE,0.6896475297800969,1.771209014136356,0.006389776357827476,0.030076513138732493,0.67,9/13,17.04%,CSPG4;VCAN;SDC1;NCAN;GPC1;GPC4;CSPG5;AGRN;DCN,ciao,Reactome
99,prerank,REACTOME_DENGUE_VIRUS_HOST_INTERACTIONS,0.4400993230071824,1.7477710827770674,0.0,0.038764162493470276,0.758,66/135,29.88%,C4BPB;H4C1;C4BPA;F2;C4A;UBR4;VIM;SDC1;C1S;C1QA;HNRNPU;APOA1;VTN;DHX9;CCAR1;C4B;GPC1;PCBP2;GPC4;GRPEL1;DDX46;CPSF7;HNRNPC;SNRPB2;SRSF2;HNRNPA1;CAMK2D;EXOC1;HNRNPD;SNRPA1;CLU;FASN;SRSF3;SF3B3;AGRN;SF3A3;U2SURP;HNRNPL;SNRPD3;LY96;SNRNP200;SRSF5;SRRM1;SNRPE;SRRT;U2AF2;HNRNPK;SNRPF;BUD31;ALYREF;CTR9;WBP11;MBL2;GTF2F2;SF3B1;COG1;EFTUD2;PCBP1;HNRNPH1;HSPG2;HNRNPA3;PHF5A;PRPF8;NFKBIB;GPC6;TJP1,ciao,Reactome
104,prerank,REACTOME_NR1H2_AND_NR1H3_MEDIATED_SIGNALING,0.6900249769792149,1.7373210609391447,0.011272141706924315,0.0431192960174747,0.803,7/13,12.99%,APOC1;ANGPTL3;CETP;APOE;PLTP;APOC4;FASN,ciao,Reactome
106,prerank,REACTOME_MRNA_SPLICING,0.45085125249492064,1.7351627501463047,0.0,0.04325449554551214,0.813,51/99,29.78%,HNRNPU;DHX9;LSM3;CCAR1;PCBP2;DDX46;HNRNPC;SNRPB2;SRSF2;HNRNPA1;HNRNPD;SNRPA1;SNRPC;TRA2B;SRSF3;SF3B3;SF3A3;U2SURP;HNRNPL;SNRNP70;SNRPD3;SNRNP200;SRSF5;CASC3;SRRM1;SNRPE;PRPF31;SRRT;U2AF2;RBM39;HTATSF1;HNRNPK;SNRPF;TCERG1;BUD31;WBP4;ALYREF;WBP11;SNRNP27;GTF2F2;DDX39B;LSM4;SF3B1;EFTUD2;PCBP1;HNRNPH1;HNRNPA3;PHF5A;WDR70;PRPF8;SART1,ciao,Reactome
109,prerank,REACTOME_O_GLYCOSYLATION_OF_TSR_DOMAIN_CONTAINING_PROTEINS,0.6457944507275756,1.7258448262820303,0.00744047619047619,0.04649401228712868,0.836,10/16,18.06%,ADAMTSL4;SPON1;ADAMTS17;SPON2;ADAMTS2;ADAMTS8;SBSPON;ADAMTSL3;ADAMTSL2;THBS2,ciao,Reactome
114,prerank,REACTOME_BINDING_AND_UPTAKE_OF_LIGANDS_BY_SCAVENGER_RECEPTORS,0.48167857411942117,1.720068027466499,0.001336898395721925,0.04847352266433003,0.852,29/67,16.26%,COLEC12;LRP1;SAA1;IGLV3-25;APOE;MARCO;IGKV1-5;SSC5D;HSP90B1;IGLV1-47;APOA1;HBA1;AMBP;CALR;IGHV1-2;HPX;COLEC11;APOB;MASP1;IGKV3-20;HYOU1;FTL;IGLV3-21;CD5L;STAB1;JCHAIN;SCGB3A2;S100A9;SPARC,ciao,Reactome
0,prerank,GOBP_ZYMOGEN_ACTIVATION,0.6915829709412369,2.27715474843615,0.0,0.0009200042629900503,0.001,23/41,11.61%,CFD;F12;F11;PLAT;ANXA2;F8;F2;S100A10;FGB;C1S;F9;F7;FGG;F5;KLKB1;F10;FGA;CLEC3B;MASP1;CTSZ;HPN;CTSL;HGFAC,ciao,GO_BP
1,prerank,GOBP_HUMORAL_IMMUNE_RESPONSE,0.5589903594215357,2.2718506054545458,0.0,0.00046000213149502515,0.001,77/164,17.29%,CFD;CXCL9;CFHR3;C4BPB;MMP7;SERPING1;REG3A;CFHR1;CCL14;LYZ;NPPB;SPINK5;NOTCH2;CXCL10;IGHG4;C4BPA;F2;C4A;CFHR5;KNG1;FGB;C1S;CTSG;RNASE6;HMGN2;C1QA;C7;BPIFA1;SPON2;CXCL13;C8B;WFDC5;C9;EBI3;CFHR2;CCL16;RARRES2;CXCL12;PRSS2;HPX;COLEC11;RNASE4;CCL11;C4B;CXCL14;DEFA5;FGA;KRT1;B2M;IGHG1;MASP1;PGLYRP1;ANG;IGKV3-20;DCD;CD55;RNASE2;DEFA6;CLU;PTPRC;CAMP;CCL13;GAPDH;C1QB;KRT6A;CXCL1;FCMR;DEFA4;CCL20;CD5L;JCHAIN;CCR6;S100A9;IGHG3;CCL15;GZMK;C8G,ciao,GO_BP
2,prerank,GOBP_FIBRINOLYSIS,0.782537159783628,2.2203474410679633,0.0,0.0009200042629900503,0.002,13/22,8.19%,F12;F11;SERPING1;PLAT;ANXA2;F2;PROS1;FGB;FGG;KLKB1;VTN;FGA;KRT1,ciao,GO_BP
3,prerank,GOBP_EXTERNAL_ENCAPSULATING_STRUCTURE_ORGANIZATION,0.5384230742496103,2.2185157441295558,0.0,0.0006900031972425377,0.002,86/167,23.52%,COL7A1;CST3;LAMA2;COMP;COLEC12;ELN;POSTN;ADAMTSL4;PXDN;COL16A1;COL6A1;LTBP4;MMP7;FBLN1;LRP1;MIA;ANXA2;FBLN5;MMP3;DPT;QSOX1;ADAMTS17;SPINK5;COL18A1;FMOD;CCDC80;MARCO;TNXB;CTSG;COL11A1;MMP1;SMOC1;COL14A1;MMP19;EFEMP2;VWA1;GAS6;AEBP1;VTN;TLL1;PRSS2;SMOC2;ADAMTS2;MMP2;ADAM15;OLFML2B;LUM;ADAMTS8;B4GALT1;MMP10;TIE1;GREM1;HPN;TNFRSF11B;VIT;MYH11;NID1;PTX3;COL12A1;KAZALD1;CTSS;MATN2;SFRP2;P4HA1;ADAMTSL3;ADAMTSL2;HRNR;TGFBR3;DMP1;LAMB2;MMP14;ANTXR1;COL15A1;MMP12;LAMB1;RIC8A;DAG1;TGFB2;ECM2;ANTXR2;ELANE;NOTCH1;LOXL2;FSCN1;LAMC1;LOXL3,ciao,GO_BP
5,prerank,GOBP_DISRUPTION_OF_ANATOMICAL_STRUCTURE_IN_ANOTHER_ORGANISM,0.5876372476514965,2.149861492102044,0.0,0.0007360034103920402,0.003,32/73,14.64%,CHGA;CXCL9;GZMM;CFHR1;LYZ;NPPB;PLA2G2A;CXCL10;F2;CFHR5;KNG1;CTSG;HMGN2;C7;CXCL13;C8B;C9;CFHR2;CXCL12;CCL11;CXCL14;DEFA5;PGLYRP1;DCD;DEFA6;CAMP;CCL13;GAPDH;KRT6A;CXCL1;DEFA4;CCL20,ciao,GO_BP
6,prerank,GOBP_ANTIMICROBIAL_HUMORAL_RESPONSE,0.555430036270559,2.104907723377031,0.0,0.0029133468328018256,0.014,48/96,17.22%,CXCL9;MMP7;REG3A;CCL14;LYZ;NPPB;SPINK5;CXCL10;IGHG4;F2;KNG1;FGB;CTSG;RNASE6;HMGN2;BPIFA1;SPON2;CXCL13;WFDC5;CCL16;RARRES2;CXCL12;PRSS2;COLEC11;RNASE4;CCL11;CXCL14;DEFA5;FGA;B2M;IGHG1;PGLYRP1;ANG;IGKV3-20;DCD;RNASE2;DEFA6;CAMP;CCL13;GAPDH;KRT6A;CXCL1;DEFA4;CCL20;JCHAIN;S100A9;IGHG3;CCL15,ciao,GO_BP
8,prerank,GOBP_DEFENSE_RESPONSE_TO_GRAM_POSITIVE_BACTERIUM,0.6008851830306151,2.063784597872074,0.0,0.0056514547583674515,0.034,23/53,14.39%,CRP;CHGA;LBP;MMP7;RNASE1;LYZ;PLA2G2A;SSC5D;CTSG;RNASE6;RARRES2;RNASE4;DEFA5;B2M;PGLYRP1;ANG;IL7R;DCD;RNASE2;DEFA6;CAMP;KRT6A;DEFA4,ciao,GO_BP
9,prerank,GOBP_PROTEIN_CONTAINING_COMPLEX_REMODELING,0.6511458369238382,2.0493280034510426,0.0,0.006440029840930352,0.045,15/30,9.13%,APOC1;PLA2G2A;ANGPTL3;MPO;APOA2;CETP;APOE;APOC3;APOA1;PLTP;LPL;APOB;ANGPTL4;PON1;LCAT,ciao,GO_BP
10,prerank,GOBP_COLLAGEN_CATABOLIC_PROCESS,0.6937516092746969,2.04518447920034,0.0,0.006644475232705919,0.051,17/24,21.93%,CST3;CTSB;MMP7;MMP3;MMP1;MMP19;PRSS2;ADAMTS2;MMP2;ADAM15;MMP10;CTSL;CTSS;PEPD;MMP14;MMP12;VSIR,ciao,GO_BP
11,prerank,GOBP_BLOOD_COAGULATION_INTRINSIC_PATHWAY,0.829286901810296,2.039176067881463,0.0,0.007452034530219407,0.065,7/12,9.30%,F12;F11;F8;F9;F7;KLKB1;GP5,ciao,GO_BP
13,prerank,GOBP_NEGATIVE_REGULATION_OF_COAGULATION,0.6258357540584101,2.0297909652264865,0.0,0.008280038366910453,0.082,16/38,8.19%,F12;F11;SERPING1;PLAT;ANXA2;F2;APOE;KNG1;PROS1;FGB;FGG;KLKB1;VTN;PROC;FGA;KRT1,ciao,GO_BP
15,prerank,GOBP_NEGATIVE_REGULATION_OF_RESPONSE_TO_WOUNDING,0.5709152603895546,2.0016666905460374,0.0,0.013416728835271566,0.137,20/56,9.49%,F12;F11;SPP1;SERPING1;PLAT;ANXA2;REG3A;F2;APOE;KNG1;PROS1;FGB;FGG;KLKB1;VTN;DSG2;PROC;FGA;KRT1;GIT1,ciao,GO_BP
17,prerank,GOBP_TRIGLYCERIDE_RICH_LIPOPROTEIN_PARTICLE_REMODELING,0.7661052307695271,1.997882697202948,0.0,0.012809290123169163,0.139,9/14,9.13%,ANGPTL3;APOA2;CETP;APOE;APOC3;APOA1;LPL;ANGPTL4;LCAT,ciao,GO_BP
18,prerank,GOBP_HOMOPHILIC_CELL_CELL_ADHESION,0.587396589463726,1.995397096374254,0.0,0.012617201321006404,0.147,17/43,11.49%,CDH2;CDH1;CDH15;CDH11;PCDH1;CDH5;CDH6;PIK3CB;CDH3;PCDH12;DSG2;DSC2;CEACAM8;PCDH10;PCDH7;HMCN2;CELSR1,ciao,GO_BP
21,prerank,GOBP_BLOOD_COAGULATION_FIBRIN_CLOT_FORMATION,0.6710086956245269,1.976189153586798,0.0,0.016498743116288236,0.193,14/25,9.30%,F12;F11;FBLN1;F8;F2;FGB;F9;F7;FGG;F5;KLKB1;F10;FGA;GP5,ciao,GO_BP
22,prerank,GOBP_ANTIMICROBIAL_HUMORAL_IMMUNE_RESPONSE_MEDIATED_BY_ANTIMICROBIAL_PEPTIDE,0.5506357436775952,1.9749661013370325,0.0,0.015697572737267733,0.196,30/68,14.64%,CXCL9;MMP7;REG3A;CCL14;NPPB;SPINK5;CXCL10;F2;KNG1;RNASE6;HMGN2;BPIFA1;CXCL13;CCL16;CXCL12;CCL11;CXCL14;DEFA5;B2M;PGLYRP1;ANG;DCD;DEFA6;CAMP;CCL13;GAPDH;KRT6A;CXCL1;DEFA4;CCL20,ciao,GO_BP
23,prerank,GOBP_PLASMINOGEN_ACTIVATION,0.7005073487709493,1.9728633207362316,0.001524390243902439,0.0156941903686538,0.207,12/20,10.53%,F12;F11;PLAT;ANXA2;S100A10;FGB;FGG;KLKB1;FGA;CLEC3B;CTSZ;HPN,ciao,GO_BP
26,prerank,GOBP_CALCIUM_DEPENDENT_CELL_CELL_ADHESION,0.7302510344615847,1.969875257932851,0.0,0.015588961122886966,0.218,8/16,6.28%,CDH2;CDH1;CDH15;CDH11;CDH5;CDH6;CDH3;PCDH12,ciao,GO_BP
30,prerank,GOBP_KERATINOCYTE_PROLIFERATION,0.7638791096013915,1.9505436769817335,0.0015455950540958269,0.021063255494772205,0.288,9/15,10.63%,REG3A;NOTCH2;FST;SLURP1;KRT2;CDH3;LRG1;FAM3C;PTPRK,ciao,GO_BP
31,prerank,GOBP_POSITIVE_REGULATION_OF_PROTEIN_MATURATION,0.6954691828407642,1.940587861937304,0.0,0.023644109558844294,0.331,12/18,18.87%,F12;SPON1;ANXA2;GSN;S100A10;KLKB1;CLEC3B;HPN;CCBE1;MYH9;ENO1;MMP14,ciao,GO_BP
32,prerank,GOBP_CELL_KILLING,0.48002138826389457,1.9402135464485875,0.0,0.022649628760278855,0.332,53/146,17.29%,CHGA;CXCL9;GZMM;VAV1;CFHR1;LYZ;NPPB;PLA2G2A;CXCL10;F2;CFHR5;KNG1;CTSG;HMGN2;C7;PIK3CB;CXCL13;C8B;LAG3;C9;CFHR2;CXCL12;HLA-C;CCL11;CXCL14;DEFA5;B2M;ATN1;IGHG1;PGLYRP1;HLA-B;IL7R;DCD;CD55;IL12B;DEFA6;CLU;PTPRC;CAMP;CCL13;GAPDH;KRT6A;CXCL1;DEFA4;CCL20;FCGR3A;CD5L;TUBB4B;INPP5D;GZMH;TUBB;PIK3R1;C8G,ciao,GO_BP
34,prerank,GOBP_ACUTE_PHASE_RESPONSE,0.6540498106997902,1.937502170162557,0.0,0.022623741194437146,0.344,15/25,13.18%,CRP;SAA2;LBP;REG3A;F8;ORM1;LCN2;SAA1;F2;SERPINA3;SAA4;ORM2;TFRC;APCS;AHSG,ciao,GO_BP
35,prerank,GOBP_KERATINIZATION,0.7316818449937336,1.934408746684084,0.0,0.022640104906624714,0.352,11/16,16.81%,KRT6B;KRT2;CDH3;KRT16;KRT17;KRT10;KRT76;KRT1;KRT78;KRT6A;HRNR,ciao,GO_BP
36,prerank,GOBP_REVERSE_CHOLESTEROL_TRANSPORT,0.7535892165127726,1.9280270842504195,0.0,0.023383441684330448,0.372,9/14,12.49%,LRP1;APOA2;CETP;APOE;APOC3;APOA1;LCAT;CLU;APOM,ciao,GO_BP
37,prerank,GOBP_ACUTE_INFLAMMATORY_RESPONSE,0.551076812636424,1.9258628600965342,0.0,0.02322090759786887,0.383,22/55,14.76%,CRP;SAA2;LBP;F12;REG3A;F8;ORM1;LCN2;SAA1;F2;SERPINA3;SAA4;F7;KLKB1;ORM2;B4GALT1;IGHG1;TFRC;APCS;AHSG;FCER1G;FCGR3A,ciao,GO_BP
39,prerank,GOBP_COMPLEMENT_ACTIVATION,0.5570804555603193,1.924007478087222,0.0,0.022858567457368174,0.387,27/59,17.29%,CFD;CFHR3;C4BPB;SERPING1;CFHR1;IGHG4;C4BPA;C4A;CFHR5;C1S;C1QA;C7;C8B;C9;CFHR2;COLEC11;C4B;KRT1;IGHG1;MASP1;CD55;CLU;C1QB;CD5L;IGHG3;GZMK;C8G,ciao,GO_BP
40,prerank,GOBP_REGULATION_OF_LIPID_LOCALIZATION,0.534946005816189,1.9221177561018175,0.0,0.022523067327274934,0.393,19/66,8.46%,CRP;APOC1;SPP1;LRP1;ANXA2;ERFE;SYK;APOA2;CETP;APOE;GHRL;APOC3;APOA1;PLTP;PLIN3;GAL;LPL;APOB;PON1,ciao,GO_BP
41,prerank,GOBP_PHAGOCYTOSIS_RECOGNITION,0.6373706222895833,1.9079925340414203,0.0,0.02753441329948793,0.466,10/26,8.88%,CRP;COLEC12;LBP;C4BPB;C4BPA;C4A;SPON2;COLEC11;C4B;MASP1,ciao,GO_BP
43,prerank,GOBP_ARTERY_MORPHOGENESIS,0.6661154979870769,1.8854129875471337,0.0015015015015015015,0.03743465621821584,0.571,9/21,7.46%,COMP;LRP1;NRP1;ANGPTL3;APOE;EFEMP2;NOTCH3;VEGFA;APOB,ciao,GO_BP
44,prerank,GOBP_PROTEIN_PROCESSING,0.47303638948415216,1.8823920827237623,0.0,0.037842842017657405,0.582,40/129,14.34%,CFD;COMP;F12;SPON1;F11;PLAT;ANXA2;GSN;F8;SCG5;F2;S100A10;FGB;C1S;F9;F7;CTSG;FGG;F5;KLKB1;F10;PCSK1N;AEBP1;TLL1;ADAMTS2;FGA;CLEC3B;MASP1;CTSZ;HPN;CPE;CTSL;HGFAC;CPN1;ST14;PCSK9;CAPN2;CCBE1;MYH9;CTSS,ciao,GO_BP
46,prerank,GOBP_CHOLESTEROL_EFFLUX,0.6017365890603797,1.8802123772192154,0.0045045045045045045,0.037631142111980126,0.594,12/31,8.46%,APOF;APOC1;LRP1;APOA2;CETP;APOE;TSKU;APOC3;APOA1;PLTP;APOB;PON1,ciao,GO_BP
47,prerank,GOBP_MONOCYTE_DIFFERENTIATION,0.7275222602373457,1.8784812270749482,0.0,0.037432673450407676,0.6,9/14,21.10%,CSF1;VEGFA;IFI16;APCS;FASN;MYH9;INPP5D;CD4;CD74,ciao,GO_BP
48,prerank,GOBP_OPSONIZATION,0.654333962325662,1.87493668583844,0.0,0.03822199528967754,0.619,9/22,8.88%,CRP;LBP;C4BPB;C4BPA;C4A;SPON2;COLEC11;C4B;MASP1,ciao,GO_BP
49,prerank,GOBP_REGULATION_OF_BMP_SIGNALING_PATHWAY,0.5550977018552505,1.8726281309581276,0.0,0.03820723586299856,0.628,18/45,15.51%,FBN1;NBL1;SFRP4;ERFE;NOTCH2;CHRDL1;CDH5;FST;TNFAIP6;NUMA1;GREM1;SCUBE3;CHRD;SORL1;ILK;PPM1A;GREM2;SFRP2,ciao,GO_BP
50,prerank,GOBP_ADHERENS_JUNCTION_ORGANIZATION,0.5861650380962681,1.8712106056352327,0.002976190476190476,0.037930461471275496,0.636,9/33,7.30%,CDH2;CDH1;CDH15;CDH11;CDH5;CDH6;CDH3;FER;VEGFA,ciao,GO_BP
51,prerank,GOBP_PROTEIN_LIPID_COMPLEX_ORGANIZATION,0.5698689941082694,1.8709756307305678,0.001443001443001443,0.03697906023740563,0.638,16/39,9.13%,APOC1;PLA2G2A;ANGPTL3;MPO;APOA2;CETP;APOE;BIN1;APOC3;APOA1;PLTP;LPL;APOB;ANGPTL4;PON1;LCAT,ciao,GO_BP
52,prerank,GOBP_SKELETAL_SYSTEM_DEVELOPMENT,0.4514082970788511,1.870534194908198,0.0,0.036228275977743335,0.64,65/177,22.31%,CHI3L1;COMP;PRELP;FBN1;COL6A1;RBP4;CDH11;ANXA2;ATP6AP1;FBLN5;BNC2;SFRP4;PLXNB1;NOTCH2;VCAN;ACAN;COL18A1;THBS3;EFEMP1;FST;COL11A1;TSKU;HEXA;GHRL;LTBP3;MGP;MYOC;TLL1;GDF6;VEGFA;CYTL1;MMP2;OGN;PKDCC;LUM;NCAN;CD44;HEXB;GREM1;TNFRSF11B;CHAD;BLVRB;PTPRC;CHRD;PLEKHA1;AHSG;AGRN;MTHFD1;SFRP2;PDGFC;GNAS;MMP14;PSEN1;ECM1;PDGFA;MEPE;SBDS;POR;NFATC2;HAPLN1;HHIP;DAG1;FRZB;TGFB2;XYLT1,ciao,GO_BP
55,prerank,GOBP_NEGATIVE_REGULATION_OF_LIPID_LOCALIZATION,0.645275020222065,1.8639708089233535,0.0015267175572519084,0.038712810961081326,0.669,5/21,4.88%,CRP;APOC1;APOA2;APOE;APOC3,ciao,GO_BP
57,prerank,GOBP_FOAM_CELL_DIFFERENTIATION,0.6813793368227138,1.858158756440617,0.0016051364365971107,0.041447371540346625,0.703,7/16,7.71%,CRP;CSF1;PLA2G2A;CETP;LPL;APOB;APOBR,ciao,GO_BP
58,prerank,GOBP_DEFENSE_RESPONSE_TO_BACTERIUM,0.46076577686669673,1.8551902867505814,0.0,0.042205195564668556,0.723,54/145,16.91%,CRP;CHGA;COLEC12;LBP;PRG2;MMP7;RNASE1;SFTPD;LYZ;SPINK5;PLA2G2A;NOTCH2;MPO;SYK;IGHG4;LCN2;F2;SSC5D;FGB;CTSG;RNASE6;BPIFA1;SPON2;CXCL13;WFDC5;RARRES2;RNASE4;DEFA5;FGA;OAS2;B2M;IGHG1;PGLYRP1;ANG;IL7R;IGKV3-20;DCD;VGF;IL12B;EPX;RNASE2;DEFA6;CAMP;FCER1G;KRT6A;DEFA4;CCL20;STAB1;JCHAIN;S100A9;OAS3;TAB2;IGHG3;CD4,ciao,GO_BP
62,prerank,GOBP_EXTRACELLULAR_MATRIX_DISASSEMBLY,0.5627699071140397,1.8474575791759753,0.002898550724637681,0.04602265227786812,0.758,19/40,23.48%,CST3;MMP7;LRP1;MMP3;CTSG;MMP1;MMP19;PRSS2;MMP2;ADAM15;MMP10;HPN;CTSS;MMP14;MMP12;TGFB2;ELANE;FSCN1;LAMC1,ciao,GO_BP
64,prerank,GOBP_NEGATIVE_REGULATION_OF_WOUND_HEALING,0.5475172048431545,1.8401082228371177,0.002785515320334262,0.049680230201462706,0.788,16/46,8.19%,F12;F11;SERPING1;PLAT;ANXA2;F2;APOE;KNG1;PROS1;FGB;FGG;KLKB1;VTN;PROC;FGA;KRT1,ciao,GO_BP
0,prerank,GOMF_EXTRACELLULAR_MATRIX_STRUCTURAL_CONSTITUENT,0.6356506475640037,2.499465723867875,0.0,0.0,0.0,58/110,13.72%,COL7A1;CHI3L1;LAMA2;COMP;LTBP2;ELN;PRELP;FBN1;POSTN;TNC;PXDN;COL16A1;COL6A1;PRG2;LTBP4;SPON1;FBLN1;FBLN5;FBLN2;IGFBP7;COL6A3;DPT;VCAN;ACAN;SRPX;COL18A1;THBS3;FMOD;EFEMP1;PODN;COL6A2;FGB;TNXB;COL11A1;COL14A1;MXRA5;FGG;EFEMP2;MFAP2;VWA1;MGP;ESM1;AEBP1;VTN;PCOLCE;ABI3BP;OGN;LUM;FGA;TINAGL1;PRG3;ASPN;HMCN2;NID1;CILP;FGL2;COL12A1;AGRN,ciao,GO_MF
1,prerank,GOMF_ALCOHOL_DEHYDROGENASE_NADPLUS_ACTIVITY,-0.8830209983299091,-2.311638070933526,0.0,0.0028407965548268074,0.002,9/10,11.74%,ADH1A;ADH1C;ADH4;AKR1C3;ADH1B;SORD;ADH6;RDH11;ADH5,ciao,GO_MF
2,prerank,GOMF_CALCIUM_ION_BINDING,0.5106892988891016,2.2195314492862677,0.0,0.0004057937198349434,0.001,129/309,19.25%,CRP;CDH2;COMP;LTBP2;CDH1;FBN1;SVEP1;CDH15;CDH11;LTBP4;F12;MYL1;SPP1;SNED1;FBLN1;LRP1;ANXA2;CRTAC1;FBLN5;FBLN2;GSN;PCDH1;SPARCL1;MYL11;PAM;PLA2G2A;NOTCH2;VCAN;THBS4;CDH5;F2;ITLN1;CDH6;THBS3;EFEMP1;CD248;S100A10;PROS1;EHD2;C1S;F9;F7;PRKCSH;HSP90B1;ACTN2;SMOC1;CANX;EFEMP2;LTBP3;CDH3;TNFAIP6;SPTA1;F10;MAN1A1;ENPP2;NOTCH3;MGP;NUCB1;GAS6;SCUBE1;IQGAP1;PCDH12;DSG2;MEGF6;DSC2;CALR;TLL1;PRSS2;TPT1;COLEC11;LPL;PDCD6;NCS1;EFHD1;SMOC2;PROC;PCDH10;ZZEF1;PON1;NCAN;CLEC3B;MASP1;OIT3;EFCAB14;MYL6B;SCUBE3;ITIH1;NOL3;MAN1C1;PEF1;ASPH;PCDH7;ASPN;LPCAT1;HMCN2;CELSR1;NID1;SDF4;DGKA;APCS;CAPN2;CCBE1;CAPN1;AGRN;PAMR1;HRC;STAB1;MATN2;EFHD2;S100A13;RCN3;LCP1;S100A9;SPARC;HRNR;CDH16;DMP1;SRI;LDLR;CGREF1;THBS2;CDH19;DGKG;ANXA7;CRELD2;CRACR2A;EHD4;ITSN1;PCDHB15,ciao,GO_MF
3,prerank,GOMF_ALCOHOL_DEHYDROGENASE_NAD_P_PLUS_ACTIVITY,-0.6814400210544538,-2.1670516919635836,0.0,0.012073385358013932,0.016,13/21,15.55%,ADH1A;ADH1C;ADH4;AKR1C3;ADH1B;SORD;ADH6;RDH11;ADH5;DHRS7;KCNAB2;DCXR;AKR1B1,ciao,GO_MF
4,prerank,GOMF_STRUCTURAL_MOLECULE_ACTIVITY,0.48833038198032935,2.150085435546534,0.0,0.0008115874396698869,0.002,148/342,22.14%,COL7A1;CHI3L1;LAMA2;COMP;LTBP2;ELN;PRELP;FBN1;POSTN;TNC;PXDN;COL16A1;AHNAK;COL6A1;PRG2;LTBP4;MYL1;SPON1;H4C1;FBLN1;FBLN5;FBLN2;IGFBP7;TUBB2A;MYL11;KRT6B;COL6A3;DPT;ANK1;VCAN;ACAN;SRPX;COL18A1;THBS3;FMOD;APOE;EFEMP1;PODN;COPE;COL6A2;VIM;FGB;LMNA;HMOX1;TNXB;H1-4;SPTB;ACTN2;COL11A1;COL14A1;MXRA5;KRT2;FGG;EFEMP2;MFAP2;TUBB6;KRT16;SPTA1;VWA1;ACTA2;KRT17;KRT10;COPA;MACROH2A1;H1-5;MGP;ESM1;KRT76;AEBP1;TUBA4A;VTN;COPB1;LMNB2;TPM1;SPTBN1;PCOLCE;ABI3BP;OGN;LUM;FGA;KRT1;B2M;RPS18;RPL7A;TUBB1;GIT1;NUMA1;TINAGL1;EPB42;RPS25;MYL6B;PRG3;ASPH;ASPN;KRT78;HMCN2;TUBA1C;RPS23;CSRP2;MYH11;NID1;RPL29;DES;TUBA1B;CILP;FGL2;COL12A1;AGRN;KRT6A;NUP214;RPL19;RPL28;SBSPON;MATN2;RPL31;TUBB4B;MRPL46;SPARC;TUBB;MAP1B;KRT25;CD4;RPS9;DCN;RPS4X;RPS27A;THBS2;LAMB2;TUBGCP3;ECM1;MEPE;RPS3A;RPL23A;COL15A1;MYL2;HAPLN1;H1-10;LAMB1;EMILIN3;RPS14;CRYAB;IGF1R;DAG1;NUP88;KRT33A;ISG15;HMGA1;RPSA,ciao,GO_MF
5,prerank,GOMF_GLYCOSAMINOGLYCAN_BINDING,0.5342926037664278,2.148850732579682,0.0,0.0006086905797524151,0.002,67/138,17.45%,COMP;LTBP2;PRELP;FBN1;POSTN;PRG2;LTBP4;F11;CCN5;SOD3;NRP1;NRP2;ANGPTL3;MPO;VCAN;THBS4;CXCL10;ACAN;GPNMB;SAA1;F2;THBS3;APOE;CCDC80;KNG1;TNXB;CTSG;SMOC1;EFEMP2;TNFAIP6;CEMIP;CXCL13;VTN;SERPINA5;AMBP;SERPIND1;LPL;VEGFA;PCOLCE;SMOC2;APOB;ADAMTS8;NCAN;CLEC3B;CD44;PGLYRP1;GFRA2;ANG;ITIH2;ITIH1;TNFRSF11B;PCOLCE2;HDGF;VIT;PTPRC;PTN;RPL29;AGRN;GREM2;STAB1;SUSD5;JCHAIN;PTPRF;DCN;CCL15;GZMK;TGFBR3,ciao,GO_MF
6,prerank,GOMF_EXTRACELLULAR_MATRIX_BINDING,0.6256194749120285,2.1324291033298626,0.0,0.0004869524638019321,0.002,26/48,17.49%,LTBP2;ELN;PXDN;SPP1;FBLN2;CD248;SSC5D;TNXB;COL11A1;SMOC1;VWA1;VTN;AMBP;VEGFA;SMOC2;BCAM;OLFML2B;GPC1;TINAGL1;NID1;LGALS1;AGRN;CTSS;ADAMTSL2;DCN;DMP1,ciao,GO_MF
7,prerank,GOMF_HEPARIN_BINDING,0.5529763388220713,2.1194735363006143,0.0,0.00040579371983494344,0.002,43/100,12.82%,COMP;LTBP2;PRELP;FBN1;POSTN;PRG2;F11;CCN5;SOD3;NRP1;NRP2;ANGPTL3;MPO;THBS4;CXCL10;GPNMB;SAA1;F2;THBS3;APOE;CCDC80;KNG1;TNXB;CTSG;SMOC1;EFEMP2;CXCL13;VTN;SERPINA5;SERPIND1;LPL;VEGFA;PCOLCE;SMOC2;APOB;ADAMTS8;CLEC3B;ANG;PCOLCE2;HDGF;PTPRC;PTN;RPL29,ciao,GO_MF
8,prerank,GOMF_ALDEHYDE_DEHYDROGENASE_NAD_P_PLUS_ACTIVITY,-0.7616285362891262,-2.08163507870576,0.0,0.03740382130521964,0.067,8/11,15.55%,ADH4;ALDH1A1;AKR1C3;ALDH16A1;RDH11;ADH5;ALDH4A1;AKR1B1,ciao,GO_MF
9,prerank,GOMF_SIGNALING_RECEPTOR_REGULATOR_ACTIVITY,0.48035251254949507,2.0210025617304455,0.0,0.003246349758679547,0.025,84/217,15.80%,CXCL9;FBN1;PXDN;DKK3;CLEC11A;NPPA;SPP1;CHGB;MIA;GDF15;REG3A;CCL14;IGFBP7;NBL1;CSF1;NPPB;INHBB;ERFE;ANGPTL3;THBS4;CXCL10;APOA2;GPNMB;F2;FGL1;APOE;EFEMP1;FST;SLURP1;KNG1;CTSG;GHRL;SCG2;APOA1;COPA;CXCL13;GAS6;EBI3;CCL16;PCSK1N;DKK2;INHBC;CXCL12;HLA-C;GAL;GDF6;CXCL17;VEGFA;APOB;OGN;CCL11;PTPRB;GIP;CXCL14;PGLYRP1;GAST;FAM3C;ANG;GREM1;CSPG5;HDGFL3;TNFRSF11B;HDGF;VEGFD;VGF;IL12B;ECRG4;PCSK9;CLU;CCL13;SLURP2;GMFG;PTN;LGALS1;AGRN;KAZALD1;CXCL1;CCL20;GREM2;RELN;RETN;SFRP2;PENK;PDGFC,ciao,GO_MF
11,prerank,GOMF_EXTRACELLULAR_MATRIX_STRUCTURAL_CONSTITUENT_CONFERRING_COMPRESSION_RESISTANCE,0.7539748731065202,2.0031527859997844,0.0,0.0036521434785144907,0.031,10/15,10.90%,PRELP;PRG2;VCAN;ACAN;FMOD;PODN;OGN;LUM;PRG3;ASPN,ciao,GO_MF
12,prerank,GOMF_EXTRACELLULAR_MATRIX_STRUCTURAL_CONSTITUENT_CONFERRING_TENSILE_STRENGTH,0.7294371432745208,1.9957709685519518,0.0029806259314456036,0.003697231669607262,0.035,8/17,4.29%,COL7A1;COL16A1;COL6A1;COL6A3;COL18A1;COL6A2;COL11A1;COL14A1,ciao,GO_MF
14,prerank,GOMF_GROWTH_FACTOR_BINDING,0.5463427368481218,1.9514035220756563,0.0,0.006411540773392106,0.068,14/59,5.46%,IGFBP1;IGFBP2;LTBP2;PXDN;COL6A1;LTBP4;IGFBP6;IGFBP7;NRP1;NRP2;CHRDL1;TSKU;LTBP3;CXCL13,ciao,GO_MF
15,prerank,GOMF_HORMONE_ACTIVITY,0.5857574444628402,1.9432048701090363,0.0,0.006935383575360851,0.079,17/44,11.40%,FBN1;NPPA;CHGB;GDF15;REG3A;NPPB;INHBB;ERFE;KNG1;GHRL;COPA;INHBC;GAL;GIP;GAST;VGF;ECRG4,ciao,GO_MF
17,prerank,GOMF_HYALURONIC_ACID_BINDING,0.7372761761161092,1.899705010466608,0.0,0.012579605314883245,0.152,10/13,15.28%,VCAN;ACAN;TNFAIP6;CEMIP;NCAN;CD44;ITIH2;ITIH1;STAB1;SUSD5,ciao,GO_MF
20,prerank,GOMF_PROTEIN_LIPID_COMPLEX_BINDING,0.6884768342330139,1.8686383045189776,0.0,0.018666511112407396,0.23,11/18,17.76%,CRP;COLEC12;APOA2;APOE;APOA1;PLTP;LPL;PCSK9;SORL1;STAB1;LDLR,ciao,GO_MF
22,prerank,GOMF_CARBOHYDRATE_BINDING,0.46873833449725816,1.8620169331402965,0.0,0.019304186957862308,0.254,45/118,15.97%,CHI3L1;COLEC12;LMAN2;PRG2;CLEC11A;SFTPD;REG3A;ASGR2;PAM;VCAN;ACAN;ITLN1;CD248;ASGR1;CANX;CEMIP;PFKM;ENPP2;CLEC4G;VTN;AMBP;CALR;GALNT15;CLEC10A;COLEC11;PFKL;CD302;C4B;KRT1;NCAN;CLEC3B;FAM3C;HEXB;ITIH1;PRG3;IGF2R;PTN;APCS;PTX3;LGALS1;EGLN1;MRC1;CD209;P4HA1;P4HA2,ciao,GO_MF
23,prerank,GOMF_OPSONIN_BINDING,0.6644157600973187,1.8602808955245023,0.001579778830963665,0.01850419362447342,0.26,9/19,13.26%,CRP;CFHR3;CFHR1;C4A;CFHR5;CFHR2;CALR;APCS;PTX3,ciao,GO_MF
24,prerank,GOMF_LIPASE_INHIBITOR_ACTIVITY,0.7147598680399717,1.8531067313754779,0.0032102728731942215,0.019224477477180445,0.277,6/14,7.94%,APOC1;ANXA2;ANGPTL3;APOA2;APOC3;ANGPTL4,ciao,GO_MF
25,prerank,GOMF_COMPLEMENT_BINDING,0.6385295645204981,1.847926233339637,0.0015290519877675841,0.019239396363939083,0.29,10/22,13.26%,CRP;CFHR3;CFHR1;C4A;CFHR5;CFHR2;CALR;C4B;APCS;PTX3,ciao,GO_MF
26,prerank,GOMF_HEPARAN_SULFATE_PROTEOGLYCAN_BINDING,0.7132655896229196,1.8434826431947897,0.0015527950310559005,0.01974862769863391,0.307,7/14,13.72%,COMP;LRP1;APOE;FST;LPL;PTPRC;AGRN,ciao,GO_MF
27,prerank,GOMF_D_MANNOSE_BINDING,0.724190943413834,1.8357111522014562,0.0,0.02084498266099499,0.334,9/13,15.41%,LMAN2;ASGR2;ASGR1;CLEC4G;CLEC10A;COLEC11;IGF2R;MRC1;CD209,ciao,GO_MF
28,prerank,GOMF_SULFUR_COMPOUND_BINDING,0.4582617086199667,1.8341842712159144,0.0,0.020127368503813192,0.336,47/141,12.82%,COMP;LTBP2;PRELP;FBN1;POSTN;PRG2;F11;CCN5;SOD3;NRP1;NRP2;ANGPTL3;MPO;THBS4;CXCL10;GPNMB;SAA1;F2;THBS3;APOE;CCDC80;KNG1;TNXB;CTSG;SMOC1;EFEMP2;CXCL13;VTN;SERPINA5;AMBP;SERPIND1;LPL;VEGFA;PCOLCE;SMOC2;APOB;ADAMTS8;CLEC3B;GFRA2;ANG;TNFRSF11B;PCOLCE2;HDGF;PTPRC;SULT1A1;PTN;RPL29,ciao,GO_MF
29,prerank,GOMF_INSULIN_LIKE_GROWTH_FACTOR_I_BINDING,0.7739112083388945,1.817571484450453,0.0,0.02372927085511002,0.396,3/10,1.27%,IGFBP1;IGFBP2;IGFBP6,ciao,GO_MF
30,prerank,GOMF_STRUCTURAL_MOLECULE_ACTIVITY_CONFERRING_ELASTICITY,0.7562160086504837,1.8096212427927982,0.0016,0.025011649277099236,0.431,5/11,1.63%,ELN;FBN1;AHNAK;FBLN5;FBLN2,ciao,GO_MF
31,prerank,GOMF_STRUCTURAL_CONSTITUENT_OF_SKIN_EPIDERMIS,0.6611878236451723,1.8055783269307704,0.0015220700152207,0.024700487294300907,0.441,16/18,32.61%,KRT6B;KRT2;KRT16;KRT17;KRT10;KRT76;KRT1;KRT78;KRT6A;KRT25;KRT33A;KRT13;KRT27;KRT71;KRT14;KRT4,ciao,GO_MF
32,prerank,GOMF_BMP_BINDING,0.7060618024191,1.8045172606053634,0.0015360983102918587,0.02421235861681829,0.45,9/13,20.85%,COMP;NBL1;CHRDL1;GREM1;SCUBE3;CHRD;GREM2;TGFBR3;HJV,ciao,GO_MF
33,prerank,GOMF_SERINE_TYPE_ENDOPEPTIDASE_INHIBITOR_ACTIVITY,0.5226539900721285,1.8017886402514292,0.0,0.023925597721468263,0.463,17/48,10.49%,COL7A1;ITIH3;SERPING1;ANXA2;PZP;COL6A3;SPINK5;SERPINA3;A2ML1;SERPINF1;WFDC5;PCSK1N;SERPINA5;AMBP;SERPIND1;ITIH2;ITIH1,ciao,GO_MF
36,prerank,GOMF_TRANSMEMBRANE_RECEPTOR_PROTEIN_KINASE_ACTIVITY,0.6632526264628702,1.7653930798920963,0.010638297872340425,0.03636536027751608,0.611,11/16,21.50%,AXL;LTBP4;NRP1;NRP2;EPHA5;EFEMP1;TIE1;IGF2R;TGFBR3;HJV;IGF1R,ciao,GO_MF
6,prerank,GOMF_DEATH_RECEPTOR_ACTIVITY,0.8628248712067303,1.6983097294282363,0.0,0.013609299688120215,0.015,10/11,12.73%,EDA2R;TNFRSF10B;FAS;TNFRSF19;TNFRSF10A;TNFRSF1A;TNFRSF1B;TNFRSF11A;TNFRSF4;TNFRSF14,ukbb,GO_MF
1,prerank,KEGG_CHEMOKINE_SIGNALING_PATHWAY,0.6005278779728223,1.7358185573740217,0.0,0.041098815073123865,0.078,38/83,20.61%,CCL7;CXCL9;STAT1;MAPK1;CCL14;CXCL8;PRKCB;CXCL13;MAPK3;CXCL11;CCL3;AKT2;STAT3;CCL15;CCL28;CXCL14;PTK2B;RHOA;CCL23;CCL18;LYN;ROCK2;FGR;CXCL10;MAP2K1;ARRB1;RAC1;CCL5;NFKB1;CXCL16;PRKACA;CCL2;CCL17;VAV3;SHC1;JAK2;CSK;CRK,necs_cent_cont,KEGG
2,prerank,KEGG_TOLL_LIKE_RECEPTOR_SIGNALING_PATHWAY,0.6139311554972207,1.7115746184472405,0.0021231422505307855,0.04436062579321306,0.114,22/54,16.55%,CXCL9;STAT1;MAPK1;CXCL8;MAPK3;CXCL11;CCL3;AKT2;MAP2K2;MAPK14;IL12B;MAPK8;IL6;MAPK9;CD40;CXCL10;MAP2K1;RAC1;CCL5;TIRAP;NFKB1;MAPK13,necs_cent_cont,KEGG
1,prerank,HALLMARK_INTERFERON_GAMMA_RESPONSE,0.5749713860663933,1.668038144164439,0.0,0.02779853206170615,0.053,38/83,24.42%,B2M;CCL7;CXCL9;STAT1;ITGB7;IRF2;NAMPT;PNP;IL15RA;CXCL11;STAT3;IFIT3;IL18BP;HLA-DMA;ISG15;FAS;PTPN6;CASP3;IL6;CD40;SERPING1;CXCL10;GZMA;ST8SIA4;SLAMF7;CCL5;NFKB1;CCL2;LAP3;IL15;JAK2;IL2RB;PTGS2;LGALS3BP;PSME1;TNFAIP6;SRI;VCAM1,necs_cent_cont,Hallmark
0,prerank,GOBP_LIPID_DIGESTION,-0.8015381616211825,-2.1897023319926894,0.0,0.03150988545426016,0.035,9/11,17.45%,ENPP7;APOA1;ASAH2;CD36;LEP;AKR1C1;PNLIPRP2;CEL;LIMA1,necs_cent_cont,GO_BP
4,prerank,GOBP_ANTIMICROBIAL_HUMORAL_RESPONSE,0.6268764768307856,1.883524642371693,0.0,0.03009573153884995,0.053,48/119,17.18%,B2M;WFDC2;CCL7;RNASE6;CXCL9;NPPB;REG1A;PI3;AZU1;SLPI;LYZ;MMP7;GNLY;DEFA1;SPON2;BPI;RPL30;ELANE;CCL14;CXCL8;HAMP;WFDC3;PRTN3;CXCL13;CXCL11;CCL3;S100A12;RNASE4;CCL15;CCL28;CXCL14;SEMG2;CCL23;CCL18;LGALS3;REG3A;GAPDH;CXCL10;PRSS2;PGLYRP1;DEFA5;DEFB4A;RNASE3;CCL5;CAMP;LTF;CCL2;CCL17,necs_cent_cont,GO_BP
0,prerank,GOMF_SODIUM_ION_TRANSMEMBRANE_TRANSPORTER_ACTIVITY,-0.7475008956854649,-2.158828017416048,0.0,0.005485087418580734,0.004,10/14,15.77%,SLC6A14;CHP1;ATP1B1;SLC5A5;SCN4B;HCN1;SLC4A8;SLC9B2;SLC6A9;SCN2B,necs_cent_cont,GO_MF
0,prerank,GOMF_EXTRACELLULAR_MATRIX_STRUCTURAL_CONSTITUENT,0.6470970133240829,1.9067161704394913,0.0,0.00991871504918491,0.011,33/86,14.12%,CHI3L1;COL28A1;PXDN;SPON1;MFAP2;DPT;FGG;THBS2;PRELP;MMRN2;POSTN;COL18A1;CILP;COL6A3;MATN2;ADIPOQ;COL15A1;LAMC2;EDIL3;EFEMP1;AMBN;LTBP4;FMOD;COL1A1;THBS3;VWA1;TNC;LUM;AMELX;MFGE8;FBLN5;TGFBI;FBLN1,necs_cent_off,GO_MF
1,prerank,GOMF_CYSTEINE_TYPE_ENDOPEPTIDASE_INHIBITOR_ACTIVITY,0.7454563287370523,1.837517035611213,0.0012531328320802004,0.027501891727285434,0.057,9/21,11.18%,CST5;CST2;WFDC2;CST1;CST3;CST4;CST6;SNCA;CAST,necs_cent_off,GO_MF
0,prerank,KEGG_T_CELL_RECEPTOR_SIGNALING_PATHWAY,-0.6679047480979344,-1.8548169487920243,0.003355704697986577,0.033611950915881206,0.026,11/17,25.10%,IFNG;IL10;IL4;IL5;IKBKG;PTPN6;JUN;IL2;GRAP2;NCK2;LAT,swiss_cent_geriatric,KEGG
1,prerank,REACTOME_ECM_PROTEOGLYCANS,0.5815860416780537,1.8558350416271352,0.005390835579514825,0.04627357498422492,0.09,9/18,17.06%,COMP;ITGB6;COL9A1;ITGB1;PTPRS;ACAN;COL1A1;NCAM1;DCN,swiss_cent_geriatric,Reactome
1,prerank,GOMF_KINASE_REGULATOR_ACTIVITY,-0.5918269047174767,-1.836041999453755,0.0015337423312883436,0.04865037158818299,0.054,17/25,32.59%,CEP43;EGF;HEXIM1;GHRL;AXIN1;IL2;SPRY2;HSPB1;CASP3;AGRN;CCL5;PRKAR1A;ERBB3;TREM2;STK4;NBN;EPO,swiss_cent_geriatric,GO_MF
3,prerank,GOMF_ENZYME_ACTIVATOR_ACTIVITY,-0.5033248381636919,-1.7532714450234665,0.0029069767441860465,0.04948917109832408,0.142,25/43,33.70%,FABP4;PDGFB;NCF2;EGF;ARHGEF12;DBNL;BCR;GHRL;RABGAP1L;JUN;AXIN1;IL2;SPRY2;CASP3;LGMN;CTSH;AGRN;CCL5;MYO9B;ERBB3;TREM2;STK4;NBN;EPO;RGS8,swiss_cent_geriatric,GO_MF
0,prerank,KEGG_PURINE_METABOLISM,-0.620253164556962,-2.052636463857649,0.0,0.0,0.0,10/10,38.97%,GMPR;NT5C3A;NME3;ENTPD5;PKLR;ADA;PNPT1;AK1;ENTPD6;CANT1,swiss_cent_healthy,KEGG
0,prerank,GOBP_MONOCYTE_CHEMOTAXIS,0.7658225347655613,1.9380933900139172,0.0,0.030656827748252527,0.02,7/17,3.88%,IL6;CCN3;TNFRSF11A;CXCL10;CCL3;CXCL17;CCL7,swiss_cent_healthy,GO_BP
